row_id,label,token_count,split
0,sports,723,train
1,sports,825,train
2,sports,101,train
3,sports,634,train
4,sports,270,train
5,sports,724,train
6,sports,408,test
7,sports,210,test
8,sports,964,train
9,sports,1004,train
10,sports,555,train
11,business,404,train
12,sports,448,train
13,sports,258,train
14,business,516,test
15,sports,204,train
16,sports,781,train
17,business,584,train
18,sports,533,train
19,sports,254,train
20,sports,569,train
21,sports,524,validation
22,business,811,train
23,sports,159,train
24,sports,316,train
25,sports,134,train
26,sports,966,train
27,sports,825,train
28,sports,890,test
29,sports,906,test
30,sports,165,train
31,sports,119,train
32,business,511,train
33,sports,266,train
34,sports,94,train
35,politics,813,train
36,sports,443,train
37,business,424,train
38,sports,532,train
39,sports,297,validation
40,sports,356,train
41,sports,515,train
42,sports,474,train
43,sports,191,train
44,sports,232,train
45,sports,171,train
46,sports,817,train
47,sports,94,test
48,sports,650,train
49,sports,232,test
50,sports,151,train
51,sports,415,train
52,sports,107,train
53,sports,963,train
54,sports,657,train
55,sports,452,train
56,business,689,train
57,sports,264,validation
58,sports,354,train
59,sports,112,train
60,sports,825,test
61,sports,196,train
62,business,684,train
63,sports,708,train
64,sports,180,train
65,sports,627,train
66,sports,596,train
67,business,915,validation
68,sports,309,train
69,sports,582,train
70,sports,483,test
71,sports,548,train
72,sports,276,validation
73,business,730,train
74,sports,271,train
75,sports,127,train
76,sports,538,train
77,sports,493,train
78,sports,201,train
79,business,962,train
80,sports,146,train
81,sports,623,train
82,sports,249,train
83,sports,411,train
84,sports,719,test
85,business,604,train
86,sports,126,train
87,sports,299,train
88,sports,341,train
89,sports,554,train
90,sports,561,train
91,sports,144,train
92,sports,70,train
93,sports,312,train
94,sports,473,train
95,sports,324,validation
96,sports,850,test
97,sports,436,train
98,sports,478,validation
99,sports,809,test
100,sports,187,train
101,sports,131,train
102,sports,643,train
103,sports,683,train
104,sports,543,train
105,sports,228,train
106,sports,1093,train
107,sports,798,train
108,sports,609,train
109,sports,106,train
110,business,384,train
111,business,899,test
112,sports,329,train
113,sports,409,train
114,sports,251,train
115,sports,949,train
116,sports,916,train
117,sports,141,train
118,sports,350,train
119,business,907,test
120,sports,440,train
121,business,616,train
122,sports,402,train
123,sports,206,train
124,politics,739,train
125,sports,328,train
126,sports,385,train
127,sports,987,train
128,sports,121,train
129,sports,794,train
130,sports,586,validation
131,sports,383,train
132,sports,610,train
133,sports,716,test
134,business,668,train
135,sports,230,train
136,business,981,train
137,sports,789,train
138,sports,126,train
139,sports,267,train
140,sports,505,validation
141,sports,174,train
142,sports,448,train
143,sports,773,train
144,sports,427,train
145,sports,843,train
146,sports,446,train
147,sports,122,test
148,sports,223,train
149,sports,305,train
150,sports,1004,train
151,sports,76,train
152,sports,345,train
153,sports,121,train
154,sports,630,test
155,sports,551,train
156,sports,522,validation
157,sports,1011,train
158,sports,237,validation
159,sports,569,validation
160,sports,116,train
161,sports,95,validation
162,sports,360,train
163,sports,216,train
164,sports,175,train
165,sports,681,train
166,sports,321,train
167,sports,651,train
168,sports,229,train
169,sports,90,train
170,sports,659,test
171,sports,199,train
172,sports,213,test
173,sports,283,test
174,sports,74,train
175,sports,178,test
176,sports,438,train
177,sports,404,train
178,sports,524,test
179,sports,135,test
180,business,671,train
181,sports,966,train
182,sports,527,test
183,sports,269,train
184,politics,731,test
185,sports,700,train
186,business,690,train
187,sports,773,train
188,business,418,validation
189,sports,622,train
190,sports,307,validation
191,sports,456,train
192,sports,140,train
193,sports,1028,train
194,sports,542,train
195,sports,574,train
196,sports,111,train
197,sports,247,train
198,sports,397,test
199,sports,984,validation
200,sports,102,train
201,sports,389,train
202,sports,723,train
203,sports,423,train
204,sports,888,train
205,sports,198,train
206,sports,287,validation
207,sports,164,train
208,sports,427,train
209,business,651,validation
210,sports,204,train
211,sports,210,train
212,sports,550,validation
213,sports,401,train
214,sports,453,train
215,sports,92,train
216,business,874,train
217,business,567,train
218,sports,572,train
219,sports,688,train
220,sports,102,validation
221,sports,1034,test
222,sports,351,test
223,sports,686,train
224,business,611,train
225,sports,85,validation
226,sports,474,train
227,sports,900,train
228,sports,273,test
229,sports,432,validation
230,business,787,train
231,sports,425,train
232,sports,103,train
233,sports,1109,train
234,sports,107,test
235,sports,347,train
236,sports,988,validation
237,sports,492,train
238,sports,598,train
239,sports,570,train
240,sports,1248,train
241,sports,561,train
242,business,715,validation
243,sports,1119,train
244,business,349,train
245,business,743,train
246,business,671,train
247,sports,212,train
248,business,624,train
249,sports,849,validation
250,sports,587,train
251,sports,559,train
252,business,577,train
253,sports,158,train
254,business,808,train
255,business,696,train
256,sports,213,train
257,sports,99,train
258,sports,245,train
259,sports,313,train
260,business,684,test
261,sports,420,train
262,sports,248,train
263,sports,1056,train
264,sports,872,test
265,business,732,train
266,sports,373,train
267,sports,713,train
268,sports,650,train
269,sports,332,train
270,sports,99,train
271,business,427,train
272,sports,901,validation
273,sports,96,train
274,business,612,test
275,sports,739,test
276,business,617,train
277,sports,612,train
278,sports,819,train
279,sports,103,train
280,business,431,train
281,business,469,test
282,business,675,train
283,sports,363,train
284,business,901,train
285,sports,212,train
286,sports,896,train
287,business,594,train
288,sports,684,test
289,sports,328,train
290,sports,348,train
291,business,568,train
292,sports,1014,validation
293,business,618,train
294,sports,182,train
295,business,650,train
296,business,568,train
297,business,754,train
298,sports,493,train
299,sports,286,train
300,sports,573,train
301,politics,697,train
302,sports,308,train
303,sports,1020,train
304,business,683,train
305,sports,210,train
306,sports,591,train
307,business,402,train
308,business,1037,train
309,sports,638,validation
310,sports,369,train
311,sports,192,train
312,business,518,train
313,sports,393,validation
314,sports,212,train
315,sports,329,test
316,sports,428,train
317,sports,462,train
318,sports,578,train
319,sports,896,train
320,sports,586,train
321,sports,901,validation
322,sports,1028,train
323,business,614,validation
324,business,614,train
325,sports,721,train
326,sports,805,train
327,business,728,train
328,sports,465,train
329,sports,128,train
330,sports,858,test
331,sports,837,test
332,sports,448,train
333,sports,775,train
334,business,692,train
335,sports,858,train
336,sports,536,train
337,sports,801,test
338,sports,558,test
339,business,1005,train
340,sports,445,test
341,sports,109,train
342,sports,672,train
343,sports,851,train
344,sports,920,validation
345,sports,777,validation
346,business,443,train
347,business,804,train
348,business,284,train
349,sports,1018,train
350,sports,691,test
351,sports,589,train
352,sports,513,train
353,sports,748,train
354,politics,708,train
355,business,682,train
356,business,597,train
357,sports,627,test
358,business,387,train
359,sports,918,train
360,sports,560,train
361,sports,1283,train
362,business,984,test
363,sports,196,train
364,sports,1051,test
365,sports,736,train
366,business,795,train
367,business,274,train
368,sports,1245,train
369,sports,851,train
370,sports,1219,train
371,business,630,train
372,sports,760,train
373,sports,1051,train
374,business,557,train
375,sports,312,train
376,sports,789,train
377,business,559,train
378,sports,1294,train
379,sports,524,train
380,sports,1156,test
381,sports,584,train
382,sports,55,train
383,sports,339,train
384,sports,275,validation
385,sports,614,train
386,business,451,train
387,business,750,train
388,sports,665,train
389,sports,220,train
390,sports,389,train
391,sports,441,train
392,business,971,train
393,business,692,train
394,sports,340,train
395,sports,437,train
396,sports,124,train
397,sports,125,train
398,business,612,train
399,politics,984,train
400,sports,47,train
401,sports,605,train
402,sports,712,train
403,sports,961,train
404,sports,109,train
405,sports,602,train
406,sports,699,train
407,sports,236,train
408,business,787,train
409,sports,335,train
410,business,469,train
411,sports,546,train
412,sports,761,train
413,sports,894,train
414,sports,872,validation
415,sports,696,train
416,business,671,train
417,business,708,train
418,business,765,train
419,sports,109,train
420,sports,307,train
421,business,480,train
422,sports,896,train
423,business,543,train
424,sports,964,train
425,business,686,train
426,sports,887,train
427,sports,378,train
428,business,467,train
429,sports,680,train
430,sports,756,validation
431,sports,490,test
432,sports,888,test
433,business,663,train
434,business,852,train
435,sports,736,train
436,sports,113,train
437,sports,90,train
438,sports,918,train
439,sports,1048,train
440,sports,101,train
441,sports,798,train
442,sports,798,train
443,sports,759,train
444,sports,577,train
445,sports,1053,train
446,sports,712,train
447,sports,473,validation
448,sports,406,validation
449,business,893,train
450,sports,685,test
451,sports,1204,validation
452,sports,337,validation
453,business,481,test
454,business,658,train
455,sports,312,train
456,sports,97,train
457,sports,609,train
458,business,846,train
459,sports,382,train
460,business,976,train
461,business,836,test
462,sports,159,validation
463,sports,1207,train
464,business,571,train
465,sports,1172,train
466,business,671,train
467,sports,780,train
468,sports,756,test
469,sports,246,validation
470,business,881,train
471,sports,203,train
472,sports,118,train
473,sports,576,train
474,business,714,test
475,politics,969,test
476,business,505,train
477,business,727,train
478,sports,78,train
479,sports,948,test
480,business,791,validation
481,sports,398,train
482,business,625,train
483,sports,735,train
484,sports,449,train
485,sports,786,train
486,sports,712,train
487,sports,197,train
488,sports,917,train
489,business,905,train
490,sports,886,test
491,business,809,train
492,sports,1074,validation
493,sports,485,train
494,sports,687,train
495,sports,111,test
496,sports,116,train
497,sports,701,train
498,business,820,train
499,sports,619,test
500,sports,1016,train
501,sports,521,train
502,sports,577,test
503,sports,710,train
504,sports,314,train
505,sports,947,train
506,sports,566,validation
507,sports,603,train
508,sports,193,train
509,sports,114,train
510,sports,787,train
511,sports,132,train
512,sports,152,train
513,sports,67,train
514,sports,132,train
515,sports,912,validation
516,sports,668,test
517,sports,340,train
518,sports,853,train
519,sports,789,train
520,sports,223,train
521,sports,89,train
522,sports,884,train
523,sports,136,validation
524,sports,682,train
525,sports,422,train
526,sports,310,train
527,sports,122,train
528,sports,670,train
529,sports,729,train
530,business,725,test
531,sports,373,train
532,sports,756,train
533,sports,158,train
534,sports,590,test
535,sports,841,train
536,sports,491,train
537,sports,1002,train
538,sports,238,train
539,sports,82,train
540,sports,545,train
541,sports,86,train
542,sports,1418,train
543,sports,544,train
544,business,742,train
545,sports,583,train
546,business,1186,train
547,sports,623,train
548,sports,293,train
549,sports,776,test
550,business,363,train
551,sports,977,train
552,sports,347,train
553,business,912,train
554,sports,804,train
555,sports,216,train
556,politics,907,train
557,sports,527,validation
558,sports,182,validation
559,sports,403,train
560,sports,280,validation
561,sports,535,train
562,sports,670,train
563,sports,215,train
564,sports,1001,train
565,sports,378,train
566,sports,95,train
567,sports,264,validation
568,sports,1044,train
569,sports,574,train
570,business,837,train
571,sports,1147,train
572,sports,534,train
573,sports,1028,train
574,sports,875,train
575,sports,717,train
576,sports,722,test
577,sports,180,validation
578,sports,304,train
579,sports,726,train
580,sports,654,train
581,sports,737,train
582,sports,278,train
583,sports,563,train
584,business,621,train
585,sports,863,train
586,sports,476,train
587,sports,268,train
588,sports,762,test
589,sports,948,train
590,sports,333,train
591,business,717,train
592,sports,678,train
593,sports,131,train
594,sports,707,test
595,sports,481,train
596,sports,427,train
597,sports,155,train
598,sports,691,train
599,sports,382,train
600,sports,673,train
601,sports,903,train
602,sports,845,train
603,business,688,train
604,sports,300,train
605,sports,291,train
606,sports,127,train
607,sports,253,train
608,sports,651,validation
609,sports,78,test
610,sports,743,validation
611,sports,356,train
612,sports,505,validation
613,sports,578,validation
614,sports,675,train
615,sports,509,train
616,sports,145,train
617,sports,520,train
618,sports,223,train
619,politics,576,train
620,sports,441,train
621,sports,465,train
622,sports,534,train
623,sports,126,train
624,sports,242,train
625,sports,721,train
626,business,732,test
627,sports,901,train
628,sports,236,train
629,business,723,train
630,business,704,train
631,sports,645,train
632,sports,478,validation
633,sports,246,train
634,sports,216,train
635,sports,336,train
636,sports,780,train
637,sports,737,train
638,sports,282,train
639,business,661,train
640,sports,929,test
641,business,674,train
642,sports,687,test
643,sports,128,validation
644,sports,153,train
645,sports,687,test
646,sports,917,validation
647,sports,205,train
648,sports,368,validation
649,sports,552,train
650,sports,115,train
651,sports,1005,train
652,sports,1202,test
653,sports,507,train
654,business,776,train
655,sports,940,train
656,sports,275,train
657,sports,730,train
658,sports,820,train
659,sports,468,train
660,sports,955,train
661,sports,625,train
662,sports,689,train
663,sports,895,train
664,sports,904,train
665,sports,97,train
666,sports,995,test
667,sports,167,train
668,sports,878,test
669,sports,673,train
670,sports,619,train
671,sports,1158,train
672,sports,668,train
673,sports,733,train
674,sports,618,train
675,politics,712,train
676,sports,1235,train
677,sports,926,train
678,sports,471,train
679,sports,1314,train
680,sports,603,train
681,sports,183,train
682,sports,569,train
683,sports,809,train
684,sports,569,train
685,sports,321,test
686,business,879,train
687,business,999,train
688,sports,456,train
689,sports,325,test
690,sports,1399,validation
691,sports,759,train
692,sports,729,train
693,business,933,train
694,business,757,test
695,sports,607,train
696,sports,432,train
697,sports,736,train
698,sports,752,validation
699,business,560,test
700,sports,635,train
701,sports,669,train
702,sports,904,train
703,sports,535,train
704,business,872,train
705,business,986,train
706,sports,53,train
707,sports,1009,train
708,business,711,train
709,sports,745,train
710,sports,389,train
711,sports,888,train
712,politics,764,validation
713,business,518,train
714,business,888,train
715,sports,132,train
716,sports,467,train
717,sports,448,train
718,business,706,train
719,sports,769,train
720,sports,1363,validation
721,business,645,train
722,sports,249,train
723,sports,640,train
724,sports,533,train
725,sports,438,train
726,sports,1089,train
727,sports,108,train
728,sports,931,validation
729,sports,634,train
730,sports,526,train
731,sports,623,train
732,sports,178,train
733,sports,577,train
734,sports,829,validation
735,sports,853,train
736,sports,910,train
737,sports,882,train
738,business,794,validation
739,sports,750,train
740,sports,826,train
741,sports,704,train
742,sports,861,validation
743,business,643,train
744,sports,675,train
745,sports,830,validation
746,sports,277,train
747,sports,698,train
748,business,833,train
749,sports,421,train
750,business,564,train
751,sports,824,train
752,sports,660,train
753,sports,834,train
754,sports,660,test
755,sports,237,train
756,business,743,validation
757,sports,720,train
758,sports,1063,test
759,business,620,train
760,sports,892,train
761,sports,586,test
762,sports,366,train
763,sports,188,train
764,sports,498,train
765,sports,814,train
766,sports,324,test
767,sports,917,train
768,sports,1025,train
769,politics,987,train
770,sports,879,train
771,business,1204,train
772,sports,205,train
773,sports,563,train
774,sports,779,train
775,sports,785,train
776,sports,312,train
777,sports,425,validation
778,sports,252,train
779,sports,239,validation
780,sports,1280,train
781,sports,809,train
782,sports,364,train
783,sports,1036,train
784,business,575,train
785,sports,661,train
786,sports,316,train
787,sports,491,train
788,sports,518,train
789,sports,602,train
790,sports,807,train
791,sports,555,train
792,sports,200,train
793,sports,430,validation
794,sports,264,test
795,sports,536,validation
796,sports,128,train
797,business,809,train
798,sports,1018,train
799,sports,570,train
800,sports,136,train
801,sports,330,train
802,sports,828,train
803,sports,192,train
804,sports,823,train
805,sports,914,train
806,sports,828,train
807,business,548,train
808,sports,490,train
809,sports,732,train
810,sports,149,test
811,sports,638,test
812,sports,202,validation
813,business,685,train
814,sports,1021,test
815,sports,852,train
816,sports,770,train
817,sports,637,train
818,sports,539,train
819,sports,309,test
820,sports,800,test
821,sports,662,train
822,sports,713,test
823,sports,991,train
824,sports,222,train
825,sports,239,train
826,sports,576,train
827,sports,156,test
828,business,478,train
829,sports,106,train
830,sports,772,train
831,sports,200,train
832,sports,1067,train
833,sports,856,test
834,sports,847,test
835,sports,99,train
836,sports,615,train
837,sports,1183,train
838,sports,890,train
839,business,538,train
840,business,990,validation
841,sports,781,train
842,sports,465,train
843,sports,546,validation
844,business,727,train
845,sports,1473,train
846,sports,792,train
847,sports,121,validation
848,sports,756,train
849,sports,851,test
850,sports,263,train
851,sports,925,train
852,sports,781,test
853,sports,144,train
854,sports,749,train
855,sports,632,train
856,sports,680,validation
857,sports,135,train
858,sports,574,train
859,sports,548,train
860,sports,1237,validation
861,sports,800,train
862,business,743,train
863,business,714,validation
864,sports,573,train
865,sports,288,train
866,business,1074,train
867,sports,616,train
868,business,2573,train
869,sports,460,train
870,sports,1245,train
871,sports,697,train
872,sports,503,train
873,sports,931,train
874,sports,599,train
875,business,646,train
876,sports,579,train
877,sports,275,train
878,sports,713,train
879,sports,345,train
880,sports,725,train
881,sports,198,test
882,business,973,validation
883,sports,721,train
884,business,933,validation
885,business,938,validation
886,sports,331,train
887,sports,365,train
888,sports,271,train
889,sports,120,train
890,sports,701,train
891,sports,692,test
892,sports,378,test
893,sports,742,train
894,sports,266,train
895,sports,1136,train
896,sports,1565,train
897,sports,573,train
898,business,670,train
899,sports,462,train
900,sports,836,train
901,sports,716,train
902,business,477,train
903,sports,879,train
904,sports,967,train
905,sports,536,train
906,business,1128,train
907,sports,545,test
908,sports,1151,train
909,sports,328,validation
910,sports,332,train
911,sports,827,train
912,sports,656,train
913,sports,738,train
914,sports,555,train
915,sports,433,train
916,sports,592,train
917,sports,882,train
918,business,847,train
919,sports,878,train
920,sports,203,train
921,sports,200,train
922,sports,1158,train
923,business,284,train
924,sports,513,train
925,sports,883,train
926,sports,577,train
927,sports,70,train
928,business,660,train
929,sports,963,train
930,sports,81,train
931,sports,763,train
932,sports,684,train
933,sports,634,train
934,sports,752,train
935,business,640,train
936,sports,329,train
937,sports,383,train
938,sports,481,train
939,sports,125,train
940,business,730,test
941,sports,1295,train
942,sports,380,train
943,sports,646,test
944,sports,703,validation
945,sports,1090,train
946,sports,622,train
947,sports,964,train
948,sports,56,test
949,sports,485,train
950,sports,731,train
951,sports,235,validation
952,sports,618,train
953,sports,801,train
954,sports,558,train
955,sports,829,train
956,sports,1328,train
957,sports,1140,train
958,sports,94,validation
959,sports,645,train
960,sports,231,train
961,business,811,test
962,sports,208,train
963,sports,993,train
964,business,603,train
965,sports,600,train
966,sports,338,train
967,business,785,train
968,sports,784,train
969,sports,154,train
970,sports,757,train
971,sports,395,train
972,sports,433,validation
973,sports,458,train
974,sports,448,train
975,sports,456,train
976,business,688,train
977,sports,537,train
978,sports,106,train
979,sports,189,validation
980,sports,133,train
981,sports,319,train
982,sports,874,train
983,sports,671,train
984,sports,677,train
985,sports,661,train
986,sports,761,train
987,sports,837,train
988,sports,108,train
989,business,551,train
990,sports,467,train
991,sports,139,train
992,sports,460,train
993,sports,580,train
994,business,743,test
995,sports,563,test
996,business,438,train
997,sports,296,validation
998,sports,1233,test
999,sports,157,train
1000,sports,901,train
1001,sports,1070,train
1002,sports,876,test
1003,sports,705,train
1004,sports,303,validation
1005,sports,462,train
1006,sports,280,train
1007,sports,796,train
1008,sports,370,train
1009,sports,498,train
1010,sports,628,train
1011,sports,241,train
1012,sports,222,train
1013,sports,616,train
1014,business,640,train
1015,sports,167,train
1016,sports,503,train
1017,sports,425,train
1018,sports,163,train
1019,sports,783,train
1020,sports,518,train
1021,sports,439,train
1022,sports,1027,train
1023,sports,653,train
1024,business,349,train
1025,sports,522,train
1026,sports,831,train
1027,sports,785,train
1028,business,1259,train
1029,sports,1081,train
1030,sports,623,train
1031,sports,407,train
1032,politics,621,train
1033,sports,593,train
1034,sports,321,train
1035,sports,442,train
1036,sports,239,train
1037,sports,529,train
1038,sports,239,train
1039,sports,406,test
1040,sports,91,train
1041,sports,865,train
1042,sports,945,train
1043,sports,305,test
1044,sports,297,train
1045,sports,1275,train
1046,sports,627,train
1047,sports,889,train
1048,sports,112,train
1049,sports,452,train
1050,sports,586,train
1051,sports,125,train
1052,business,150,train
1053,sports,901,train
1054,sports,190,validation
1055,sports,621,train
1056,sports,485,train
1057,sports,776,train
1058,sports,785,validation
1059,sports,433,train
1060,sports,695,train
1061,sports,155,train
1062,sports,374,train
1063,sports,120,train
1064,sports,146,train
1065,sports,442,train
1066,sports,539,train
1067,sports,291,test
1068,sports,842,train
1069,sports,435,train
1070,sports,824,test
1071,sports,495,train
1072,sports,1119,validation
1073,business,988,train
1074,sports,668,validation
1075,sports,769,train
1076,sports,265,train
1077,sports,384,validation
1078,business,463,train
1079,business,324,train
1080,sports,79,train
1081,sports,125,train
1082,sports,722,train
1083,sports,935,train
1084,business,698,train
1085,sports,355,train
1086,sports,196,train
1087,sports,260,train
1088,sports,150,train
1089,sports,81,train
1090,sports,240,train
1091,sports,286,train
1092,business,554,train
1093,sports,317,train
1094,sports,493,train
1095,sports,268,train
1096,sports,221,train
1097,sports,488,train
1098,sports,969,train
1099,sports,1092,test
1100,sports,420,validation
1101,sports,115,train
1102,sports,114,train
1103,sports,121,test
1104,sports,860,train
1105,sports,779,train
1106,sports,396,train
1107,sports,115,train
1108,sports,106,train
1109,sports,578,train
1110,sports,88,train
1111,sports,258,train
1112,sports,971,train
1113,sports,1361,test
1114,business,429,train
1115,sports,1076,test
1116,business,838,train
1117,sports,1051,train
1118,sports,572,train
1119,sports,360,train
1120,sports,643,test
1121,sports,1080,test
1122,sports,650,train
1123,sports,397,train
1124,sports,600,train
1125,business,494,train
1126,business,767,train
1127,sports,811,validation
1128,sports,486,train
1129,sports,141,test
1130,sports,287,train
1131,sports,818,train
1132,sports,296,train
1133,sports,736,validation
1134,business,670,train
1135,sports,517,train
1136,business,598,train
1137,sports,427,train
1138,sports,124,train
1139,sports,922,test
1140,sports,639,train
1141,sports,274,train
1142,sports,622,test
1143,sports,104,train
1144,sports,995,test
1145,sports,490,train
1146,sports,1124,train
1147,sports,110,train
1148,sports,465,train
1149,politics,691,train
1150,sports,438,train
1151,sports,164,train
1152,sports,822,train
1153,sports,458,train
1154,sports,923,train
1155,sports,505,train
1156,sports,731,train
1157,sports,150,train
1158,sports,217,train
1159,sports,717,train
1160,sports,859,train
1161,sports,482,train
1162,sports,205,train
1163,sports,606,train
1164,business,716,train
1165,sports,650,train
1166,business,975,train
1167,business,603,train
1168,sports,253,train
1169,sports,1135,train
1170,sports,628,train
1171,sports,194,train
1172,business,961,validation
1173,sports,780,validation
1174,sports,210,validation
1175,sports,683,train
1176,sports,123,train
1177,sports,1001,validation
1178,sports,503,train
1179,sports,969,train
1180,sports,691,validation
1181,business,641,test
1182,sports,724,train
1183,sports,895,train
1184,business,1195,train
1185,sports,376,train
1186,sports,790,train
1187,sports,1489,train
1188,sports,379,train
1189,sports,427,train
1190,sports,295,validation
1191,sports,360,train
1192,sports,675,validation
1193,sports,816,train
1194,sports,1000,train
1195,sports,391,test
1196,sports,180,train
1197,business,866,validation
1198,sports,713,train
1199,sports,670,train
1200,sports,907,train
1201,sports,312,train
1202,sports,816,train
1203,sports,304,validation
1204,sports,445,train
1205,sports,845,train
1206,sports,966,train
1207,sports,1216,train
1208,business,982,train
1209,sports,691,train
1210,sports,756,train
1211,sports,647,validation
1212,sports,320,train
1213,sports,889,train
1214,sports,795,train
1215,sports,837,train
1216,sports,60,test
1217,sports,1024,train
1218,sports,897,train
1219,business,785,train
1220,sports,787,test
1221,sports,512,train
1222,sports,790,train
1223,sports,973,train
1224,sports,176,train
1225,sports,681,train
1226,sports,623,train
1227,sports,320,train
1228,business,694,train
1229,sports,508,train
1230,business,787,train
1231,business,608,train
1232,sports,757,validation
1233,politics,955,train
1234,sports,318,train
1235,sports,911,train
1236,sports,362,train
1237,sports,298,train
1238,sports,956,train
1239,sports,660,test
1240,business,931,train
1241,sports,519,train
1242,sports,977,train
1243,sports,1024,train
1244,sports,346,train
1245,sports,702,train
1246,business,559,train
1247,sports,335,test
1248,sports,160,train
1249,sports,177,train
1250,sports,315,train
1251,sports,585,train
1252,sports,1023,train
1253,business,474,test
1254,sports,324,train
1255,sports,166,train
1256,sports,1155,train
1257,sports,1258,train
1258,sports,1184,train
1259,business,630,train
1260,sports,718,train
1261,business,760,train
1262,sports,521,train
1263,sports,871,train
1264,sports,660,train
1265,business,1154,validation
1266,sports,847,test
1267,sports,979,train
1268,sports,290,train
1269,sports,804,train
1270,sports,719,test
1271,business,414,validation
1272,sports,712,train
1273,sports,533,train
1274,sports,325,train
1275,sports,291,train
1276,business,843,test
1277,sports,993,train
1278,sports,665,train
1279,sports,185,train
1280,sports,458,train
1281,sports,116,train
1282,sports,411,validation
1283,sports,505,train
1284,sports,63,train
1285,sports,418,train
1286,sports,154,train
1287,sports,842,train
1288,sports,259,train
1289,sports,803,train
1290,sports,330,test
1291,sports,700,train
1292,sports,497,train
1293,sports,768,train
1294,sports,127,train
1295,sports,120,train
1296,business,588,train
1297,sports,816,train
1298,sports,691,train
1299,sports,989,train
1300,sports,879,train
1301,sports,261,train
1302,sports,659,train
1303,business,618,train
1304,sports,87,train
1305,sports,515,train
1306,sports,617,train
1307,sports,667,train
1308,sports,463,validation
1309,sports,240,validation
1310,sports,876,train
1311,sports,650,test
1312,sports,990,train
1313,sports,300,train
1314,sports,639,train
1315,sports,632,train
1316,sports,266,train
1317,sports,612,train
1318,sports,936,test
1319,sports,413,validation
1320,sports,714,train
1321,sports,157,train
1322,business,1023,test
1323,sports,132,validation
1324,sports,356,train
1325,sports,501,test
1326,sports,295,test
1327,sports,963,validation
1328,sports,82,train
1329,sports,194,train
1330,sports,1098,train
1331,sports,375,train
1332,sports,544,train
1333,sports,335,train
1334,sports,977,train
1335,sports,224,train
1336,sports,666,train
1337,sports,482,test
1338,sports,683,train
1339,sports,327,train
1340,sports,766,train
1341,politics,720,train
1342,sports,675,train
1343,sports,649,train
1344,sports,731,train
1345,sports,412,train
1346,sports,1048,validation
1347,sports,400,validation
1348,sports,666,train
1349,business,672,test
1350,sports,446,train
1351,sports,645,train
1352,sports,507,train
1353,sports,1011,validation
1354,sports,671,train
1355,sports,635,test
1356,sports,585,train
1357,sports,828,test
1358,sports,351,test
1359,sports,161,train
1360,sports,686,test
1361,sports,399,validation
1362,business,640,test
1363,sports,899,train
1364,sports,863,validation
1365,business,739,train
1366,sports,845,test
1367,sports,987,train
1368,sports,110,train
1369,sports,761,train
1370,business,326,train
1371,sports,578,train
1372,sports,561,train
1373,sports,309,train
1374,sports,490,train
1375,sports,750,train
1376,sports,696,train
1377,sports,800,test
1378,sports,738,train
1379,sports,588,train
1380,business,676,train
1381,sports,677,train
1382,sports,692,train
1383,sports,733,train
1384,sports,504,train
1385,sports,852,train
1386,sports,762,test
1387,sports,627,train
1388,sports,988,train
1389,sports,559,train
1390,sports,347,train
1391,sports,379,train
1392,sports,910,train
1393,sports,855,train
1394,sports,778,train
1395,sports,997,train
1396,sports,761,train
1397,politics,873,validation
1398,sports,162,train
1399,sports,285,train
1400,sports,631,train
1401,sports,343,train
1402,sports,568,train
1403,business,644,train
1404,sports,362,train
1405,sports,498,train
1406,sports,927,test
1407,sports,752,train
1408,sports,748,train
1409,sports,220,train
1410,sports,630,train
1411,sports,738,train
1412,sports,486,train
1413,sports,817,validation
1414,sports,328,validation
1415,business,709,train
1416,sports,693,train
1417,sports,1067,train
1418,business,618,train
1419,politics,919,train
1420,sports,754,train
1421,sports,536,train
1422,sports,632,train
1423,sports,399,train
1424,sports,319,train
1425,sports,796,train
1426,sports,141,train
1427,sports,1154,train
1428,sports,428,test
1429,sports,803,train
1430,sports,498,train
1431,sports,555,train
1432,sports,753,test
1433,sports,1001,train
1434,sports,751,train
1435,sports,858,train
1436,sports,997,train
1437,sports,464,train
1438,sports,836,train
1439,sports,668,validation
1440,sports,434,train
1441,sports,611,train
1442,sports,537,train
1443,sports,531,train
1444,sports,299,train
1445,sports,638,train
1446,sports,449,train
1447,sports,724,train
1448,sports,132,validation
1449,sports,356,train
1450,business,979,train
1451,sports,357,train
1452,sports,84,train
1453,business,969,train
1454,business,910,test
1455,sports,537,train
1456,sports,698,train
1457,sports,174,train
1458,sports,662,train
1459,sports,189,train
1460,sports,292,train
1461,sports,144,train
1462,business,701,train
1463,sports,92,test
1464,sports,99,test
1465,business,744,train
1466,business,516,validation
1467,sports,103,train
1468,sports,376,train
1469,business,682,train
1470,sports,931,train
1471,sports,165,train
1472,business,798,train
1473,sports,190,train
1474,sports,196,train
1475,business,635,train
1476,sports,766,train
1477,business,554,train
1478,business,968,train
1479,sports,273,test
1480,sports,272,train
1481,sports,431,validation
1482,business,641,test
1483,sports,1048,train
1484,business,852,train
1485,sports,265,train
1486,sports,338,test
1487,business,229,train
1488,sports,268,train
1489,sports,446,train
1490,sports,451,train
1491,sports,551,train
1492,sports,318,train
1493,business,666,train
1494,sports,63,train
1495,sports,335,train
1496,sports,121,train
1497,sports,148,train
1498,business,596,test
1499,sports,242,train
1500,business,693,validation
1501,sports,304,train
1502,business,730,train
1503,sports,336,train
1504,sports,150,train
1505,business,656,train
1506,sports,275,train
1507,sports,832,train
1508,sports,177,train
1509,business,464,train
1510,sports,245,train
1511,sports,436,train
1512,sports,195,train
1513,sports,143,train
1514,sports,492,train
1515,business,656,train
1516,sports,367,train
1517,business,949,train
1518,business,664,train
1519,sports,215,test
1520,sports,213,train
1521,business,508,train
1522,sports,120,train
1523,sports,59,train
1524,business,622,train
1525,business,627,train
1526,sports,167,train
1527,business,886,train
1528,sports,156,train
1529,business,926,test
1530,business,478,train
1531,business,755,train
1532,sports,285,train
1533,sports,610,test
1534,business,967,train
1535,sports,231,train
1536,business,643,train
1537,business,1013,test
1538,sports,450,train
1539,sports,120,train
1540,sports,136,test
1541,sports,120,train
1542,sports,866,train
1543,sports,514,train
1544,sports,395,train
1545,sports,538,train
1546,sports,161,train
1547,sports,602,train
1548,sports,218,test
1549,sports,178,train
1550,sports,178,train
1551,sports,259,train
1552,sports,227,train
1553,business,334,train
1554,business,618,train
1555,sports,620,train
1556,sports,652,train
1557,sports,785,train
1558,business,697,train
1559,sports,66,train
1560,sports,137,train
1561,sports,468,test
1562,sports,264,train
1563,sports,285,train
1564,sports,314,validation
1565,business,704,train
1566,business,631,train
1567,sports,537,train
1568,sports,744,train
1569,business,411,test
1570,sports,542,train
1571,sports,173,train
1572,sports,991,train
1573,sports,193,train
1574,business,516,test
1575,sports,840,train
1576,sports,111,validation
1577,sports,514,train
1578,sports,178,test
1579,business,941,train
1580,sports,80,test
1581,sports,1013,train
1582,business,687,train
1583,sports,422,validation
1584,business,906,train
1585,sports,439,train
1586,sports,100,train
1587,business,291,train
1588,sports,113,train
1589,sports,962,train
1590,business,637,train
1591,sports,909,train
1592,business,887,train
1593,sports,273,train
1594,sports,116,validation
1595,sports,355,train
1596,business,670,train
1597,sports,347,train
1598,sports,82,train
1599,sports,574,train
1600,business,673,train
1601,sports,149,train
1602,sports,892,train
1603,sports,525,train
1604,business,501,validation
1605,sports,188,train
1606,sports,291,validation
1607,sports,918,train
1608,business,605,train
1609,business,833,train
1610,sports,495,validation
1611,sports,254,train
1612,sports,501,train
1613,sports,271,train
1614,sports,449,validation
1615,business,700,train
1616,business,626,train
1617,sports,116,train
1618,sports,799,train
1619,sports,243,train
1620,sports,267,train
1621,business,897,train
1622,sports,302,train
1623,sports,716,validation
1624,business,976,train
1625,sports,115,train
1626,business,729,test
1627,business,872,train
1628,sports,446,train
1629,sports,117,train
1630,business,765,train
1631,sports,1089,test
1632,sports,137,train
1633,sports,864,train
1634,business,336,train
1635,sports,427,train
1636,sports,237,train
1637,sports,910,train
1638,business,372,train
1639,sports,309,train
1640,sports,597,validation
1641,sports,789,train
1642,sports,662,train
1643,sports,327,train
1644,business,666,train
1645,sports,137,train
1646,sports,1015,train
1647,business,913,train
1648,business,576,test
1649,sports,568,train
1650,sports,914,train
1651,sports,525,test
1652,sports,510,train
1653,sports,674,validation
1654,sports,115,train
1655,sports,294,train
1656,sports,944,test
1657,sports,154,train
1658,sports,113,validation
1659,sports,224,validation
1660,sports,740,train
1661,sports,633,train
1662,sports,728,train
1663,sports,581,train
1664,sports,104,train
1665,sports,246,train
1666,sports,136,train
1667,sports,677,train
1668,sports,98,train
1669,sports,189,train
1670,sports,651,train
1671,sports,360,train
1672,sports,99,validation
1673,sports,571,validation
1674,business,733,train
1675,sports,881,train
1676,sports,177,validation
1677,business,467,train
1678,sports,434,validation
1679,sports,448,train
1680,sports,559,train
1681,sports,542,train
1682,sports,327,train
1683,sports,602,train
1684,sports,578,train
1685,sports,215,train
1686,sports,471,train
1687,sports,216,test
1688,sports,164,validation
1689,business,681,validation
1690,sports,633,train
1691,sports,534,train
1692,sports,384,train
1693,sports,654,train
1694,sports,237,train
1695,sports,552,train
1696,sports,290,train
1697,sports,276,train
1698,sports,369,train
1699,sports,215,validation
1700,sports,513,train
1701,sports,1115,train
1702,sports,973,train
1703,sports,336,train
1704,sports,394,train
1705,sports,760,train
1706,sports,105,train
1707,sports,170,train
1708,sports,158,train
1709,business,686,train
1710,sports,303,train
1711,business,743,train
1712,sports,681,train
1713,sports,701,train
1714,business,700,train
1715,sports,330,train
1716,sports,900,test
1717,sports,289,train
1718,sports,304,train
1719,sports,619,train
1720,sports,126,train
1721,sports,544,train
1722,sports,118,train
1723,sports,106,validation
1724,sports,213,train
1725,sports,505,validation
1726,sports,205,train
1727,sports,573,train
1728,sports,156,train
1729,sports,660,train
1730,sports,214,train
1731,sports,138,train
1732,sports,121,validation
1733,sports,304,train
1734,sports,72,train
1735,sports,353,train
1736,sports,299,train
1737,sports,321,train
1738,sports,548,train
1739,sports,249,train
1740,sports,263,validation
1741,sports,321,train
1742,sports,439,train
1743,sports,370,validation
1744,sports,577,train
1745,sports,570,train
1746,sports,650,train
1747,sports,238,train
1748,sports,348,validation
1749,sports,474,train
1750,sports,252,train
1751,sports,150,train
1752,sports,654,train
1753,sports,117,train
1754,sports,255,train
1755,sports,413,train
1756,sports,461,test
1757,sports,713,train
1758,sports,529,train
1759,sports,372,train
1760,sports,235,train
1761,business,368,validation
1762,sports,642,test
1763,sports,257,test
1764,business,420,train
1765,business,672,train
1766,sports,812,train
1767,sports,194,train
1768,sports,927,train
1769,business,910,train
1770,business,897,train
1771,sports,282,train
1772,sports,65,train
1773,sports,441,train
1774,sports,760,train
1775,sports,332,train
1776,sports,440,train
1777,sports,193,train
1778,sports,341,train
1779,sports,397,test
1780,sports,385,validation
1781,sports,187,train
1782,sports,763,test
1783,sports,636,train
1784,sports,196,validation
1785,sports,175,train
1786,sports,154,train
1787,sports,131,validation
1788,business,845,test
1789,sports,788,train
1790,sports,360,train
1791,sports,848,train
1792,business,968,train
1793,sports,857,train
1794,sports,579,train
1795,sports,723,train
1796,sports,676,train
1797,sports,963,train
1798,sports,300,train
1799,sports,542,train
1800,sports,685,validation
1801,sports,935,train
1802,business,882,train
1803,sports,439,train
1804,sports,1103,train
1805,sports,421,train
1806,sports,452,validation
1807,sports,885,train
1808,sports,945,train
1809,politics,817,train
1810,sports,692,train
1811,sports,997,train
1812,sports,914,train
1813,sports,900,train
1814,sports,978,train
1815,sports,705,train
1816,sports,533,train
1817,business,808,train
1818,business,550,train
1819,business,808,validation
1820,sports,1137,train
1821,sports,627,train
1822,business,538,train
1823,sports,651,train
1824,sports,759,train
1825,sports,800,train
1826,sports,900,train
1827,sports,787,train
1828,sports,303,train
1829,sports,456,train
1830,sports,228,train
1831,sports,801,test
1832,business,1335,test
1833,sports,518,test
1834,sports,844,validation
1835,sports,503,train
1836,sports,692,train
1837,sports,513,train
1838,sports,1043,train
1839,sports,697,test
1840,business,516,train
1841,sports,984,train
1842,sports,625,validation
1843,politics,645,train
1844,sports,881,train
1845,sports,848,train
1846,sports,651,validation
1847,sports,893,train
1848,sports,840,validation
1849,sports,1268,train
1850,sports,1332,train
1851,sports,669,train
1852,sports,873,train
1853,sports,899,train
1854,sports,904,validation
1855,sports,734,test
1856,business,444,train
1857,sports,953,train
1858,sports,782,train
1859,sports,582,train
1860,business,920,train
1861,sports,925,train
1862,sports,358,train
1863,sports,690,train
1864,sports,735,train
1865,sports,546,test
1866,business,524,train
1867,sports,735,train
1868,sports,468,validation
1869,business,598,train
1870,business,729,train
1871,sports,1127,validation
1872,sports,670,train
1873,sports,340,validation
1874,sports,693,test
1875,sports,336,train
1876,sports,555,train
1877,business,655,train
1878,business,633,train
1879,sports,965,train
1880,sports,322,validation
1881,sports,624,train
1882,politics,1026,test
1883,sports,308,train
1884,sports,1182,train
1885,sports,187,train
1886,sports,413,train
1887,sports,362,train
1888,politics,871,test
1889,business,868,train
1890,politics,657,train
1891,politics,892,train
1892,sports,966,train
1893,business,911,train
1894,sports,562,train
1895,business,709,train
1896,sports,935,train
1897,sports,708,train
1898,sports,243,validation
1899,sports,129,train
1900,sports,619,train
1901,politics,653,train
1902,sports,859,train
1903,business,800,train
1904,sports,885,test
1905,sports,528,validation
1906,sports,151,test
1907,business,661,train
1908,sports,535,train
1909,sports,628,train
1910,politics,740,train
1911,business,551,train
1912,business,1054,train
1913,sports,498,train
1914,politics,762,train
1915,sports,317,train
1916,sports,681,train
1917,sports,456,train
1918,sports,802,train
1919,sports,643,train
1920,sports,619,train
1921,business,748,train
1922,sports,885,train
1923,politics,680,train
1924,politics,943,test
1925,sports,73,train
1926,sports,181,train
1927,sports,208,train
1928,sports,129,validation
1929,politics,687,train
1930,politics,633,train
1931,sports,302,test
1932,business,768,train
1933,sports,214,validation
1934,sports,605,train
1935,business,778,train
1936,sports,992,train
1937,sports,883,validation
1938,sports,772,train
1939,sports,827,train
1940,sports,725,train
1941,business,807,train
1942,politics,847,train
1943,business,660,test
1944,sports,127,train
1945,politics,710,train
1946,sports,623,train
1947,business,459,train
1948,sports,458,train
1949,business,350,test
1950,business,541,train
1951,sports,118,train
1952,sports,287,train
1953,sports,208,train
1954,sports,891,train
1955,sports,250,train
1956,sports,455,train
1957,politics,782,train
1958,sports,170,test
1959,sports,1249,train
1960,sports,563,train
1961,business,615,train
1962,politics,518,train
1963,sports,309,train
1964,sports,657,train
1965,sports,816,train
1966,business,505,train
1967,politics,1147,train
1968,politics,586,test
1969,sports,391,train
1970,business,701,train
1971,sports,696,train
1972,sports,435,train
1973,sports,752,train
1974,sports,969,train
1975,sports,449,train
1976,sports,587,train
1977,sports,267,train
1978,business,273,train
1979,business,902,train
1980,business,836,train
1981,sports,855,train
1982,sports,384,train
1983,politics,646,test
1984,sports,156,train
1985,business,629,train
1986,sports,655,train
1987,sports,751,train
1988,business,776,train
1989,politics,1062,validation
1990,sports,938,train
1991,sports,475,train
1992,sports,149,train
1993,sports,272,validation
1994,business,747,train
1995,politics,713,test
1996,sports,978,test
1997,sports,830,validation
1998,business,264,train
1999,sports,98,train
2000,sports,793,train
2001,business,724,train
2002,sports,618,train
2003,sports,156,train
2004,sports,535,train
2005,sports,864,test
2006,sports,651,test
2007,sports,621,test
2008,business,735,validation
2009,sports,942,train
2010,politics,613,train
2011,sports,874,train
2012,business,650,train
2013,sports,446,train
2014,business,631,train
2015,sports,403,train
2016,sports,278,train
2017,politics,709,train
2018,sports,807,train
2019,sports,188,train
2020,sports,298,train
2021,sports,136,train
2022,business,777,train
2023,business,1161,train
2024,sports,682,train
2025,sports,242,train
2026,sports,146,train
2027,sports,447,train
2028,business,652,train
2029,sports,1045,train
2030,sports,618,train
2031,sports,893,train
2032,business,710,train
2033,sports,334,train
2034,sports,932,train
2035,business,828,test
2036,sports,272,train
2037,sports,435,train
2038,sports,589,train
2039,business,649,train
2040,sports,906,train
2041,politics,473,train
2042,sports,1314,train
2043,sports,241,validation
2044,sports,692,train
2045,sports,924,train
2046,sports,603,train
2047,sports,851,train
2048,sports,141,train
2049,sports,961,train
2050,politics,663,train
2051,business,945,train
2052,sports,513,train
2053,sports,222,train
2054,politics,1045,train
2055,sports,161,train
2056,business,804,train
2057,sports,684,train
2058,sports,864,train
2059,sports,940,test
2060,sports,95,validation
2061,sports,128,train
2062,business,890,train
2063,business,615,train
2064,sports,496,test
2065,sports,254,train
2066,sports,975,train
2067,sports,159,train
2068,sports,755,train
2069,sports,670,train
2070,sports,340,train
2071,business,526,test
2072,sports,447,train
2073,sports,594,train
2074,politics,964,train
2075,business,847,train
2076,sports,194,train
2077,sports,491,train
2078,sports,117,train
2079,sports,795,train
2080,business,559,test
2081,sports,740,train
2082,politics,825,train
2083,sports,450,train
2084,business,771,train
2085,sports,529,train
2086,business,955,train
2087,business,683,train
2088,sports,121,train
2089,sports,225,train
2090,sports,589,train
2091,sports,117,train
2092,sports,973,validation
2093,sports,174,validation
2094,sports,1055,train
2095,sports,789,train
2096,sports,272,validation
2097,sports,722,train
2098,sports,236,train
2099,sports,986,train
2100,sports,199,train
2101,sports,127,train
2102,politics,909,train
2103,sports,898,train
2104,business,923,train
2105,sports,481,train
2106,business,452,train
2107,sports,650,test
2108,business,902,train
2109,sports,327,train
2110,sports,719,train
2111,sports,737,train
2112,sports,899,train
2113,sports,678,train
2114,business,885,train
2115,sports,842,train
2116,sports,1118,validation
2117,sports,109,train
2118,sports,208,validation
2119,business,550,train
2120,sports,879,train
2121,sports,330,train
2122,sports,645,train
2123,politics,641,train
2124,sports,103,train
2125,sports,407,train
2126,sports,578,test
2127,sports,291,validation
2128,sports,201,train
2129,sports,165,train
2130,sports,125,train
2131,business,515,train
2132,sports,653,train
2133,business,674,train
2134,sports,369,train
2135,sports,1048,train
2136,sports,229,train
2137,business,916,train
2138,sports,933,train
2139,sports,320,train
2140,business,649,train
2141,sports,97,train
2142,sports,585,train
2143,sports,512,train
2144,sports,869,train
2145,business,570,train
2146,sports,926,train
2147,sports,291,train
2148,sports,520,train
2149,sports,376,train
2150,sports,863,test
2151,sports,813,train
2152,sports,959,train
2153,sports,330,train
2154,sports,56,train
2155,sports,1024,train
2156,sports,101,train
2157,business,719,train
2158,sports,112,train
2159,sports,557,test
2160,business,501,train
2161,business,516,train
2162,sports,667,test
2163,business,319,train
2164,business,643,train
2165,business,519,train
2166,sports,281,test
2167,business,677,train
2168,sports,957,train
2169,sports,117,train
2170,sports,193,train
2171,business,627,train
2172,sports,852,train
2173,sports,710,validation
2174,sports,502,train
2175,sports,168,train
2176,sports,127,train
2177,sports,249,train
2178,business,941,train
2179,sports,221,test
2180,sports,623,train
2181,sports,555,train
2182,sports,842,train
2183,sports,290,train
2184,sports,933,test
2185,sports,628,train
2186,sports,140,train
2187,business,534,train
2188,sports,229,train
2189,business,259,train
2190,sports,717,train
2191,business,462,train
2192,sports,265,test
2193,sports,143,train
2194,sports,423,validation
2195,sports,444,train
2196,sports,711,validation
2197,sports,624,train
2198,sports,916,train
2199,sports,447,validation
2200,sports,462,train
2201,sports,283,train
2202,sports,281,train
2203,sports,295,train
2204,sports,221,train
2205,sports,436,train
2206,sports,227,train
2207,business,542,train
2208,sports,1026,test
2209,sports,311,train
2210,sports,578,train
2211,business,634,train
2212,sports,280,train
2213,sports,207,train
2214,business,692,train
2215,sports,888,train
2216,business,443,train
2217,sports,304,train
2218,sports,1070,train
2219,sports,358,train
2220,sports,622,train
2221,sports,1339,train
2222,sports,855,train
2223,sports,775,train
2224,sports,97,validation
2225,sports,84,train
2226,sports,635,train
2227,business,1003,train
2228,sports,436,train
2229,business,713,train
2230,sports,724,train
2231,sports,197,train
2232,sports,634,train
2233,sports,272,train
2234,sports,443,train
2235,sports,316,validation
2236,sports,649,train
2237,sports,327,train
2238,sports,665,train
2239,sports,147,validation
2240,sports,129,train
2241,sports,453,test
2242,sports,253,train
2243,sports,394,train
2244,sports,80,validation
2245,sports,123,validation
2246,sports,774,train
2247,sports,435,train
2248,sports,181,validation
2249,sports,86,validation
2250,business,654,train
2251,sports,387,test
2252,sports,743,train
2253,sports,121,train
2254,sports,340,train
2255,business,594,validation
2256,sports,551,train
2257,sports,824,test
2258,sports,402,train
2259,business,696,test
2260,sports,1037,train
2261,business,490,train
2262,sports,517,train
2263,sports,105,train
2264,sports,439,train
2265,sports,499,train
2266,sports,427,train
2267,business,444,train
2268,sports,512,train
2269,sports,363,train
2270,sports,350,train
2271,sports,918,train
2272,business,597,train
2273,sports,287,train
2274,sports,930,validation
2275,sports,228,train
2276,sports,464,train
2277,sports,220,train
2278,business,517,train
2279,sports,174,validation
2280,sports,765,test
2281,business,676,validation
2282,politics,963,train
2283,sports,111,train
2284,business,737,validation
2285,sports,869,validation
2286,sports,645,train
2287,business,969,train
2288,sports,626,train
2289,sports,332,train
2290,sports,522,train
2291,politics,301,train
2292,sports,413,train
2293,sports,136,validation
2294,sports,777,test
2295,sports,162,train
2296,sports,768,train
2297,sports,121,train
2298,sports,937,train
2299,sports,606,train
2300,sports,871,train
2301,sports,176,test
2302,sports,222,train
2303,sports,572,train
2304,sports,392,train
2305,sports,439,train
2306,sports,859,train
2307,business,419,validation
2308,sports,606,train
2309,sports,277,train
2310,sports,130,train
2311,sports,605,train
2312,sports,519,test
2313,sports,645,train
2314,sports,131,validation
2315,sports,311,train
2316,sports,180,train
2317,business,775,train
2318,business,747,train
2319,sports,106,test
2320,sports,473,train
2321,sports,294,train
2322,sports,250,train
2323,sports,163,train
2324,sports,677,train
2325,sports,137,validation
2326,sports,81,train
2327,sports,781,train
2328,sports,702,train
2329,sports,478,train
2330,business,657,train
2331,business,610,validation
2332,sports,317,train
2333,sports,450,test
2334,sports,1023,train
2335,sports,464,train
2336,sports,1057,train
2337,sports,295,train
2338,business,815,test
2339,sports,359,train
2340,sports,944,train
2341,sports,349,train
2342,sports,420,validation
2343,sports,115,train
2344,sports,833,validation
2345,sports,956,train
2346,sports,143,train
2347,sports,194,validation
2348,sports,354,train
2349,sports,135,train
2350,sports,249,train
2351,sports,572,validation
2352,sports,90,train
2353,business,329,train
2354,business,945,train
2355,sports,379,train
2356,business,592,train
2357,sports,1253,train
2358,sports,742,test
2359,sports,313,train
2360,sports,407,test
2361,business,1015,train
2362,politics,709,train
2363,sports,572,validation
2364,sports,306,train
2365,sports,136,train
2366,sports,633,train
2367,sports,736,train
2368,sports,543,train
2369,business,172,validation
2370,business,921,train
2371,sports,1072,validation
2372,sports,667,train
2373,sports,440,train
2374,sports,417,train
2375,sports,510,test
2376,sports,306,train
2377,sports,704,train
2378,sports,774,train
2379,sports,259,train
2380,sports,312,train
2381,sports,677,train
2382,sports,690,train
2383,sports,373,test
2384,sports,542,train
2385,sports,120,train
2386,sports,807,train
2387,business,686,train
2388,sports,115,test
2389,sports,461,train
2390,sports,168,train
2391,sports,123,train
2392,sports,402,train
2393,sports,260,train
2394,business,490,test
2395,sports,981,train
2396,sports,169,train
2397,sports,1031,train
2398,sports,320,train
2399,business,761,test
2400,sports,900,test
2401,sports,263,train
2402,sports,553,test
2403,sports,702,train
2404,sports,799,train
2405,sports,344,train
2406,sports,352,train
2407,sports,796,train
2408,sports,150,train
2409,sports,805,train
2410,sports,309,train
2411,sports,304,train
2412,sports,693,validation
2413,sports,482,train
2414,sports,577,test
2415,sports,125,train
2416,business,326,test
2417,sports,487,train
2418,sports,950,train
2419,sports,112,train
2420,sports,807,train
2421,sports,129,train
2422,sports,246,test
2423,sports,455,validation
2424,sports,654,train
2425,sports,542,validation
2426,sports,568,train
2427,sports,442,train
2428,sports,406,train
2429,sports,407,train
2430,sports,877,train
2431,sports,135,train
2432,sports,814,train
2433,sports,189,train
2434,sports,509,train
2435,sports,531,train
2436,business,375,test
2437,sports,564,train
2438,sports,654,train
2439,sports,619,train
2440,sports,414,train
2441,sports,1064,train
2442,sports,350,train
2443,sports,239,validation
2444,sports,825,test
2445,sports,130,train
2446,business,658,train
2447,sports,422,train
2448,sports,362,test
2449,sports,851,train
2450,business,785,train
2451,sports,235,test
2452,sports,205,test
2453,business,494,test
2454,sports,287,train
2455,sports,284,train
2456,sports,974,train
2457,sports,762,validation
2458,sports,137,validation
2459,sports,552,train
2460,sports,691,validation
2461,sports,408,train
2462,sports,725,validation
2463,sports,475,train
2464,sports,146,test
2465,sports,344,train
2466,sports,548,validation
2467,sports,342,train
2468,sports,417,train
2469,sports,238,validation
2470,sports,283,test
2471,sports,235,train
2472,sports,113,train
2473,business,1212,train
2474,sports,220,test
2475,sports,722,validation
2476,sports,120,test
2477,sports,794,train
2478,sports,880,train
2479,business,618,train
2480,sports,172,validation
2481,business,648,train
2482,sports,457,train
2483,sports,162,train
2484,sports,1516,train
2485,sports,1514,train
2486,sports,52,train
2487,sports,748,train
2488,sports,595,train
2489,sports,338,train
2490,sports,541,train
2491,sports,503,train
2492,sports,85,train
2493,sports,384,train
2494,sports,379,test
2495,sports,200,train
2496,sports,440,train
2497,sports,240,train
2498,sports,1815,train
2499,business,491,train
2500,sports,958,train
2501,sports,873,validation
2502,sports,271,train
2503,sports,255,train
2504,sports,694,test
2505,sports,380,train
2506,business,657,train
2507,sports,507,train
2508,sports,438,validation
2509,sports,101,train
2510,sports,153,train
2511,sports,598,train
2512,sports,208,train
2513,sports,255,train
2514,sports,686,train
2515,sports,712,train
2516,sports,447,test
2517,sports,146,train
2518,sports,99,train
2519,sports,98,train
2520,business,364,train
2521,sports,118,train
2522,sports,117,train
2523,sports,1008,train
2524,sports,445,train
2525,business,475,train
2526,business,415,train
2527,business,669,train
2528,sports,515,train
2529,business,680,train
2530,sports,569,train
2531,business,685,train
2532,business,730,test
2533,sports,370,train
2534,sports,779,train
2535,sports,862,test
2536,business,784,train
2537,business,666,train
2538,sports,679,train
2539,sports,490,train
2540,sports,741,train
2541,sports,334,validation
2542,business,539,train
2543,sports,443,train
2544,sports,480,test
2545,business,665,train
2546,business,613,train
2547,business,686,train
2548,sports,1031,train
2549,sports,296,train
2550,sports,409,train
2551,business,439,train
2552,business,584,train
2553,sports,917,train
2554,sports,148,train
2555,sports,395,train
2556,sports,513,train
2557,business,909,train
2558,business,894,train
2559,business,850,train
2560,sports,219,validation
2561,sports,233,train
2562,business,706,train
2563,business,830,train
2564,sports,171,train
2565,sports,570,train
2566,business,413,train
2567,business,688,train
2568,business,369,train
2569,business,462,train
2570,sports,526,train
2571,business,624,train
2572,business,680,validation
2573,sports,355,train
2574,sports,986,train
2575,business,390,train
2576,business,730,train
2577,sports,975,train
2578,business,686,train
2579,business,406,validation
2580,sports,1311,test
2581,business,934,train
2582,business,841,train
2583,sports,743,train
2584,business,630,train
2585,sports,696,train
2586,business,784,train
2587,business,598,train
2588,business,624,train
2589,sports,170,train
2590,business,796,train
2591,sports,663,train
2592,sports,192,train
2593,sports,283,validation
2594,sports,929,validation
2595,business,612,train
2596,business,683,train
2597,business,668,train
2598,sports,875,train
2599,business,204,validation
2600,business,614,train
2601,business,737,train
2602,sports,180,train
2603,sports,308,validation
2604,business,644,test
2605,sports,191,train
2606,business,895,train
2607,business,832,train
2608,business,901,train
2609,sports,264,train
2610,business,922,test
2611,business,746,train
2612,business,925,train
2613,business,559,train
2614,business,672,test
2615,sports,403,train
2616,business,919,train
2617,sports,1036,test
2618,business,553,train
2619,sports,816,test
2620,business,785,test
2621,politics,638,train
2622,sports,722,train
2623,sports,158,train
2624,sports,644,train
2625,sports,925,train
2626,sports,735,train
2627,sports,701,train
2628,sports,450,train
2629,sports,543,train
2630,sports,920,train
2631,sports,137,train
2632,sports,624,train
2633,sports,130,train
2634,sports,715,train
2635,sports,662,train
2636,sports,926,train
2637,business,1044,train
2638,sports,698,train
2639,sports,359,train
2640,sports,1016,train
2641,business,676,train
2642,sports,559,validation
2643,sports,378,train
2644,sports,488,train
2645,sports,111,train
2646,sports,606,train
2647,sports,960,train
2648,politics,348,test
2649,sports,274,train
2650,sports,154,train
2651,sports,473,train
2652,sports,454,train
2653,sports,707,validation
2654,sports,737,train
2655,sports,664,train
2656,sports,868,train
2657,politics,970,train
2658,business,305,test
2659,politics,579,train
2660,sports,871,train
2661,sports,157,test
2662,sports,725,train
2663,sports,791,train
2664,sports,838,train
2665,sports,1004,train
2666,sports,781,train
2667,sports,183,train
2668,sports,672,train
2669,sports,720,train
2670,politics,830,train
2671,business,772,train
2672,business,614,train
2673,sports,742,train
2674,sports,760,train
2675,politics,231,train
2676,business,812,test
2677,sports,1030,train
2678,sports,82,train
2679,sports,455,train
2680,sports,110,train
2681,sports,316,train
2682,sports,843,validation
2683,sports,698,train
2684,business,620,train
2685,sports,932,train
2686,sports,699,train
2687,sports,760,train
2688,sports,438,validation
2689,sports,793,train
2690,sports,599,test
2691,sports,744,train
2692,sports,993,train
2693,sports,702,test
2694,sports,542,train
2695,sports,350,train
2696,sports,551,train
2697,politics,638,train
2698,sports,637,train
2699,sports,365,train
2700,sports,630,train
2701,sports,709,train
2702,sports,936,test
2703,sports,568,train
2704,sports,716,train
2705,sports,757,validation
2706,sports,127,train
2707,sports,713,train
2708,sports,746,train
2709,sports,598,validation
2710,sports,225,train
2711,sports,619,train
2712,sports,660,validation
2713,politics,907,train
2714,sports,829,train
2715,sports,793,train
2716,politics,365,test
2717,politics,644,validation
2718,sports,463,train
2719,sports,947,train
2720,sports,976,train
2721,sports,728,train
2722,sports,1005,train
2723,sports,594,test
2724,sports,374,test
2725,sports,418,train
2726,sports,736,train
2727,sports,384,train
2728,sports,528,train
2729,sports,846,train
2730,politics,724,train
2731,politics,814,train
2732,politics,596,train
2733,business,409,test
2734,sports,561,train
2735,sports,133,test
2736,sports,406,train
2737,politics,802,train
2738,sports,729,train
2739,sports,923,train
2740,politics,969,train
2741,sports,489,train
2742,sports,507,train
2743,sports,743,train
2744,sports,667,train
2745,sports,1114,train
2746,politics,753,train
2747,sports,1202,test
2748,politics,642,train
2749,sports,566,train
2750,sports,967,train
2751,sports,610,validation
2752,politics,920,train
2753,politics,673,train
2754,sports,567,train
2755,sports,476,train
2756,sports,573,train
2757,politics,715,test
2758,sports,494,train
2759,sports,922,train
2760,politics,755,train
2761,business,628,train
2762,politics,680,train
2763,politics,662,train
2764,politics,506,train
2765,sports,567,train
2766,sports,625,train
2767,politics,687,train
2768,sports,991,train
2769,politics,759,train
2770,sports,612,train
2771,business,414,train
2772,sports,856,test
2773,sports,885,validation
2774,sports,689,train
2775,sports,863,train
2776,sports,533,train
2777,politics,715,test
2778,business,132,train
2779,politics,404,train
2780,politics,838,train
2781,politics,486,test
2782,politics,730,train
2783,sports,800,test
2784,politics,472,test
2785,politics,609,train
2786,sports,1129,train
2787,sports,688,validation
2788,politics,793,train
2789,sports,641,train
2790,sports,646,train
2791,business,286,train
2792,sports,1138,train
2793,politics,683,train
2794,sports,782,train
2795,politics,662,train
2796,sports,128,train
2797,sports,849,validation
2798,sports,852,train
2799,sports,622,train
2800,sports,596,train
2801,sports,648,train
2802,sports,923,validation
2803,sports,253,train
2804,sports,427,train
2805,sports,324,train
2806,sports,650,train
2807,politics,950,train
2808,sports,745,validation
2809,sports,440,test
2810,sports,381,validation
2811,sports,838,train
2812,sports,711,train
2813,sports,167,train
2814,sports,797,train
2815,sports,574,train
2816,sports,704,train
2817,business,755,train
2818,sports,639,train
2819,business,724,train
2820,sports,110,test
2821,sports,568,train
2822,sports,417,train
2823,sports,921,train
2824,sports,702,train
2825,sports,716,train
2826,sports,393,train
2827,sports,140,validation
2828,politics,934,train
2829,sports,493,train
2830,sports,335,validation
2831,sports,586,train
2832,sports,616,test
2833,sports,876,train
2834,sports,606,train
2835,business,461,train
2836,sports,340,train
2837,sports,878,train
2838,sports,604,train
2839,sports,99,train
2840,sports,108,train
2841,sports,790,train
2842,sports,814,train
2843,sports,690,train
2844,sports,908,train
2845,sports,660,train
2846,sports,887,train
2847,politics,642,train
2848,sports,712,train
2849,politics,592,validation
2850,politics,633,train
2851,politics,636,train
2852,sports,796,train
2853,sports,430,test
2854,sports,1298,train
2855,business,677,train
2856,sports,969,train
2857,sports,552,train
2858,politics,607,train
2859,sports,958,train
2860,sports,236,test
2861,sports,721,train
2862,sports,928,train
2863,sports,793,validation
2864,sports,758,train
2865,sports,835,train
2866,sports,940,train
2867,sports,703,train
2868,sports,785,train
2869,politics,173,train
2870,politics,291,train
2871,sports,742,train
2872,sports,724,test
2873,sports,788,train
2874,sports,707,train
2875,sports,949,validation
2876,sports,385,train
2877,politics,807,train
2878,sports,1048,train
2879,business,636,train
2880,sports,806,train
2881,sports,830,train
2882,politics,1054,train
2883,sports,130,train
2884,business,990,validation
2885,sports,549,train
2886,sports,838,train
2887,sports,563,train
2888,sports,1386,train
2889,sports,647,test
2890,sports,1028,train
2891,sports,154,validation
2892,sports,767,test
2893,sports,493,validation
2894,politics,442,train
2895,business,1021,train
2896,business,552,train
2897,sports,701,train
2898,sports,791,test
2899,politics,202,train
2900,business,1179,train
2901,sports,216,train
2902,business,717,test
2903,business,850,train
2904,sports,478,train
2905,business,392,train
2906,sports,657,train
2907,politics,927,test
2908,sports,835,train
2909,sports,833,train
2910,sports,683,train
2911,sports,720,train
2912,sports,959,train
2913,sports,1037,train
2914,sports,126,train
2915,sports,761,train
2916,sports,1218,train
2917,politics,804,train
2918,sports,775,train
2919,politics,867,train
2920,sports,431,train
2921,sports,385,validation
2922,sports,583,train
2923,sports,528,train
2924,sports,742,test
2925,sports,737,validation
2926,sports,338,train
2927,business,605,train
2928,business,935,validation
2929,sports,582,train
2930,sports,444,train
2931,business,339,train
2932,politics,753,train
2933,business,1012,train
2934,sports,545,train
2935,sports,442,train
2936,sports,748,train
2937,sports,726,train
2938,sports,788,train
2939,sports,280,train
2940,sports,927,train
2941,sports,372,validation
2942,sports,636,test
2943,business,668,train
2944,politics,640,train
2945,sports,906,train
2946,business,140,train
2947,sports,825,train
2948,politics,763,train
2949,sports,640,train
2950,business,419,train
2951,sports,592,validation
2952,sports,985,train
2953,business,488,train
2954,sports,608,train
2955,politics,823,train
2956,business,296,train
2957,politics,811,train
2958,politics,695,train
2959,business,453,train
2960,business,818,train
2961,sports,867,validation
2962,politics,368,train
2963,politics,928,train
2964,sports,807,train
2965,sports,205,train
2966,business,943,validation
2967,sports,656,validation
2968,business,804,train
2969,sports,716,train
2970,sports,964,train
2971,sports,415,train
2972,sports,362,train
2973,business,342,train
2974,sports,145,train
2975,sports,868,train
2976,sports,116,test
2977,sports,113,train
2978,sports,394,train
2979,sports,988,train
2980,sports,724,train
2981,sports,685,train
2982,business,460,train
2983,sports,746,train
2984,sports,774,test
2985,business,1228,train
2986,business,435,train
2987,politics,655,train
2988,sports,830,validation
2989,business,738,validation
2990,politics,793,train
2991,sports,482,validation
2992,sports,495,test
2993,politics,706,validation
2994,politics,444,train
2995,sports,621,train
2996,politics,191,test
2997,politics,641,train
2998,sports,68,train
2999,business,722,validation
3000,sports,879,train
3001,sports,806,train
3002,sports,718,train
3003,sports,468,train
3004,sports,404,train
3005,sports,450,train
3006,sports,811,validation
3007,sports,782,train
3008,sports,841,test
3009,sports,495,train
3010,sports,510,train
3011,business,814,test
3012,sports,1019,train
3013,sports,744,validation
3014,sports,724,train
3015,business,808,train
3016,sports,871,test
3017,business,413,train
3018,sports,521,train
3019,sports,788,train
3020,sports,497,train
3021,sports,802,train
3022,sports,438,train
3023,sports,685,train
3024,sports,581,train
3025,sports,527,validation
3026,sports,657,train
3027,sports,625,train
3028,sports,235,train
3029,sports,106,train
3030,sports,939,train
3031,sports,454,train
3032,sports,802,validation
3033,sports,563,train
3034,politics,719,train
3035,sports,775,train
3036,sports,725,train
3037,sports,320,train
3038,sports,698,train
3039,sports,830,train
3040,politics,1043,train
3041,sports,793,train
3042,sports,299,test
3043,sports,956,train
3044,sports,510,train
3045,sports,876,train
3046,sports,943,train
3047,sports,449,validation
3048,sports,110,train
3049,sports,263,validation
3050,sports,263,train
3051,business,501,train
3052,sports,297,train
3053,politics,660,train
3054,sports,1152,train
3055,sports,723,train
3056,sports,259,train
3057,sports,802,validation
3058,sports,657,train
3059,politics,729,train
3060,sports,981,test
3061,sports,137,train
3062,politics,758,train
3063,sports,625,test
3064,sports,829,train
3065,politics,697,train
3066,sports,846,train
3067,politics,588,train
3068,sports,287,train
3069,sports,491,train
3070,business,891,train
3071,sports,758,train
3072,sports,596,train
3073,politics,1044,train
3074,sports,904,train
3075,sports,1480,validation
3076,sports,361,train
3077,sports,668,train
3078,sports,942,validation
3079,politics,609,train
3080,sports,462,validation
3081,sports,469,train
3082,politics,579,train
3083,sports,785,train
3084,politics,679,train
3085,sports,555,train
3086,politics,625,train
3087,sports,730,train
3088,sports,755,train
3089,politics,746,train
3090,sports,765,train
3091,sports,826,train
3092,sports,870,train
3093,sports,917,train
3094,sports,116,test
3095,sports,668,train
3096,sports,539,validation
3097,politics,836,train
3098,sports,820,test
3099,sports,97,train
3100,sports,383,train
3101,sports,696,test
3102,sports,826,train
3103,sports,904,train
3104,sports,810,train
3105,sports,732,train
3106,sports,889,train
3107,sports,657,train
3108,business,374,train
3109,sports,686,validation
3110,sports,881,train
3111,sports,910,train
3112,sports,729,train
3113,sports,706,train
3114,business,748,train
3115,sports,591,test
3116,sports,991,validation
3117,sports,1473,test
3118,sports,685,validation
3119,sports,643,train
3120,politics,749,validation
3121,politics,486,train
3122,sports,940,train
3123,politics,705,train
3124,sports,295,test
3125,sports,1102,train
3126,sports,860,train
3127,sports,396,test
3128,sports,917,train
3129,sports,146,train
3130,sports,615,train
3131,sports,749,validation
3132,sports,456,test
3133,business,487,train
3134,business,371,train
3135,sports,150,train
3136,sports,268,train
3137,sports,376,train
3138,sports,130,train
3139,sports,869,train
3140,sports,470,train
3141,sports,1038,train
3142,sports,719,train
3143,sports,469,train
3144,sports,546,validation
3145,sports,727,train
3146,sports,952,train
3147,politics,356,train
3148,sports,496,validation
3149,sports,144,train
3150,politics,786,train
3151,sports,823,train
3152,sports,722,train
3153,sports,687,test
3154,sports,526,train
3155,sports,354,train
3156,sports,448,validation
3157,sports,585,train
3158,sports,773,train
3159,politics,620,train
3160,sports,907,test
3161,sports,708,validation
3162,sports,942,train
3163,sports,626,train
3164,sports,559,train
3165,sports,650,train
3166,sports,739,train
3167,sports,312,train
3168,business,690,train
3169,sports,234,train
3170,sports,654,test
3171,sports,301,train
3172,sports,852,train
3173,politics,407,train
3174,sports,769,train
3175,sports,594,train
3176,politics,801,train
3177,business,738,validation
3178,business,697,train
3179,business,473,train
3180,sports,509,train
3181,sports,600,train
3182,sports,775,train
3183,politics,574,train
3184,sports,1099,train
3185,politics,643,train
3186,sports,357,train
3187,sports,446,train
3188,sports,1020,train
3189,politics,917,train
3190,sports,563,test
3191,sports,916,validation
3192,politics,316,train
3193,sports,738,train
3194,business,744,train
3195,politics,1033,train
3196,sports,486,train
3197,sports,589,train
3198,sports,673,train
3199,sports,1149,train
3200,politics,690,test
3201,business,783,validation
3202,sports,926,train
3203,sports,686,train
3204,sports,680,train
3205,sports,1095,train
3206,business,415,train
3207,sports,701,test
3208,sports,234,test
3209,politics,482,train
3210,sports,971,train
3211,sports,2049,train
3212,sports,835,train
3213,politics,934,train
3214,business,700,train
3215,politics,509,train
3216,sports,80,train
3217,sports,729,train
3218,sports,940,train
3219,politics,756,train
3220,sports,243,train
3221,sports,105,train
3222,politics,706,train
3223,sports,791,train
3224,sports,862,train
3225,politics,1177,train
3226,sports,800,train
3227,business,79,train
3228,sports,858,train
3229,sports,602,train
3230,sports,604,train
3231,sports,641,test
3232,sports,552,test
3233,sports,399,train
3234,politics,788,train
3235,sports,431,train
3236,sports,348,test
3237,sports,927,validation
3238,sports,776,train
3239,sports,608,train
3240,sports,752,test
3241,sports,530,train
3242,sports,497,train
3243,sports,568,train
3244,sports,425,train
3245,sports,393,train
3246,sports,628,train
3247,sports,642,validation
3248,sports,927,test
3249,business,936,train
3250,sports,966,train
3251,sports,590,train
3252,politics,686,train
3253,politics,945,train
3254,politics,569,train
3255,sports,607,train
3256,sports,904,train
3257,sports,363,train
3258,sports,696,train
3259,sports,658,train
3260,sports,659,train
3261,sports,927,train
3262,sports,691,train
3263,politics,630,test
3264,politics,1007,train
3265,sports,737,train
3266,sports,901,train
3267,sports,871,train
3268,sports,423,train
3269,business,460,train
3270,politics,742,train
3271,sports,484,train
3272,sports,992,test
3273,sports,604,train
3274,politics,779,test
3275,sports,861,train
3276,politics,857,train
3277,sports,1099,train
3278,sports,803,test
3279,business,708,train
3280,sports,935,train
3281,politics,664,train
3282,politics,800,train
3283,sports,238,train
3284,sports,649,train
3285,sports,398,validation
3286,sports,758,train
3287,politics,965,train
3288,sports,613,train
3289,business,289,train
3290,politics,371,train
3291,business,648,train
3292,sports,509,validation
3293,sports,870,train
3294,sports,611,validation
3295,sports,601,validation
3296,sports,588,train
3297,sports,799,train
3298,sports,237,test
3299,sports,374,train
3300,sports,889,train
3301,sports,477,train
3302,sports,667,train
3303,sports,838,train
3304,sports,832,validation
3305,business,792,train
3306,sports,539,train
3307,sports,274,train
3308,sports,568,train
3309,sports,940,test
3310,sports,712,train
3311,politics,763,test
3312,sports,761,train
3313,politics,778,train
3314,business,960,train
3315,sports,939,train
3316,sports,667,train
3317,politics,733,train
3318,sports,635,train
3319,sports,648,test
3320,sports,908,train
3321,sports,698,train
3322,sports,850,train
3323,sports,483,train
3324,politics,568,train
3325,business,410,train
3326,sports,727,train
3327,sports,517,train
3328,politics,918,validation
3329,business,1214,train
3330,sports,726,train
3331,sports,529,test
3332,politics,658,train
3333,sports,549,train
3334,politics,724,train
3335,sports,876,train
3336,sports,319,train
3337,sports,1085,train
3338,politics,197,train
3339,business,533,train
3340,sports,564,train
3341,sports,1083,train
3342,sports,944,train
3343,sports,811,train
3344,sports,368,test
3345,sports,1296,train
3346,sports,726,validation
3347,sports,1113,train
3348,sports,1029,train
3349,sports,665,train
3350,politics,702,train
3351,sports,546,train
3352,politics,774,train
3353,sports,824,train
3354,sports,208,train
3355,business,342,train
3356,sports,1097,validation
3357,sports,201,train
3358,sports,761,train
3359,sports,822,test
3360,sports,747,train
3361,sports,1036,train
3362,sports,752,train
3363,sports,821,train
3364,politics,1162,train
3365,politics,499,train
3366,sports,817,train
3367,sports,1242,train
3368,sports,1094,validation
3369,sports,958,train
3370,sports,127,train
3371,sports,870,test
3372,sports,857,train
3373,business,500,train
3374,sports,545,validation
3375,politics,789,train
3376,sports,920,test
3377,sports,463,validation
3378,sports,737,test
3379,sports,493,validation
3380,sports,871,train
3381,business,713,test
3382,business,693,train
3383,sports,485,train
3384,sports,738,train
3385,sports,1014,train
3386,sports,787,train
3387,sports,725,train
3388,sports,881,validation
3389,sports,874,train
3390,sports,487,train
3391,sports,807,test
3392,sports,822,train
3393,sports,190,train
3394,sports,352,train
3395,sports,314,test
3396,sports,576,train
3397,sports,432,validation
3398,sports,809,train
3399,sports,963,train
3400,sports,667,train
3401,sports,1139,train
3402,sports,783,train
3403,sports,502,train
3404,sports,529,train
3405,sports,515,train
3406,sports,140,validation
3407,sports,681,train
3408,sports,582,train
3409,sports,821,train
3410,sports,1050,train
3411,politics,901,train
3412,sports,871,train
3413,politics,909,train
3414,sports,792,train
3415,sports,1423,train
3416,politics,505,train
3417,sports,277,test
3418,sports,906,train
3419,sports,376,train
3420,sports,678,train
3421,sports,681,train
3422,sports,876,train
3423,sports,329,train
3424,sports,617,train
3425,sports,680,test
3426,sports,576,train
3427,sports,551,test
3428,sports,121,train
3429,sports,965,train
3430,sports,797,train
3431,sports,845,test
3432,business,726,train
3433,business,848,train
3434,sports,494,train
3435,sports,1000,train
3436,politics,660,train
3437,sports,546,train
3438,sports,700,train
3439,sports,308,train
3440,sports,714,train
3441,politics,502,train
3442,politics,667,train
3443,business,511,train
3444,politics,733,train
3445,sports,879,train
3446,sports,282,train
3447,sports,814,train
3448,sports,1128,train
3449,sports,652,train
3450,sports,168,train
3451,sports,386,train
3452,sports,147,train
3453,sports,99,validation
3454,sports,666,train
3455,politics,759,train
3456,politics,673,validation
3457,politics,759,train
3458,politics,759,train
3459,politics,884,train
3460,sports,947,train
3461,business,1028,train
3462,sports,797,train
3463,sports,124,validation
3464,sports,1101,train
3465,sports,751,train
3466,sports,821,train
3467,sports,822,train
3468,sports,146,train
3469,sports,761,train
3470,sports,194,train
3471,sports,719,train
3472,sports,762,train
3473,politics,641,validation
3474,sports,636,train
3475,business,658,train
3476,sports,492,train
3477,politics,410,validation
3478,sports,925,train
3479,sports,357,train
3480,sports,721,train
3481,sports,978,train
3482,business,873,train
3483,politics,248,train
3484,sports,738,test
3485,sports,441,train
3486,sports,863,validation
3487,politics,698,train
3488,sports,409,train
3489,sports,935,train
3490,sports,603,train
3491,sports,757,test
3492,sports,1123,train
3493,politics,399,train
3494,sports,747,train
3495,sports,1072,train
3496,sports,897,train
3497,sports,521,train
3498,sports,127,train
3499,sports,819,train
3500,sports,780,train
3501,sports,477,train
3502,sports,535,train
3503,sports,884,train
3504,sports,806,test
3505,sports,1082,train
3506,sports,538,validation
3507,sports,967,train
3508,sports,480,test
3509,sports,803,train
3510,politics,701,train
3511,politics,738,train
3512,sports,214,test
3513,business,274,train
3514,sports,832,train
3515,politics,641,train
3516,sports,672,train
3517,sports,370,train
3518,sports,424,train
3519,sports,763,train
3520,sports,729,test
3521,sports,622,train
3522,sports,639,train
3523,politics,352,test
3524,business,730,train
3525,politics,1148,train
3526,sports,869,train
3527,sports,909,train
3528,sports,527,train
3529,sports,795,train
3530,sports,586,test
3531,sports,707,train
3532,business,755,validation
3533,sports,720,train
3534,sports,904,test
3535,sports,800,validation
3536,politics,413,train
3537,politics,683,train
3538,sports,974,train
3539,sports,282,train
3540,sports,959,test
3541,sports,806,validation
3542,sports,450,train
3543,sports,876,train
3544,sports,1038,train
3545,sports,437,test
3546,business,466,train
3547,sports,689,train
3548,sports,318,train
3549,business,987,train
3550,sports,572,train
3551,sports,847,train
3552,sports,920,train
3553,politics,748,train
3554,politics,634,train
3555,business,495,train
3556,sports,765,test
3557,sports,962,train
3558,sports,208,validation
3559,sports,797,validation
3560,politics,966,train
3561,business,1176,train
3562,politics,489,validation
3563,politics,708,train
3564,sports,873,train
3565,politics,606,test
3566,sports,544,validation
3567,sports,748,test
3568,sports,472,train
3569,sports,713,train
3570,sports,716,train
3571,sports,886,validation
3572,business,1217,train
3573,politics,878,train
3574,sports,207,train
3575,politics,414,test
3576,sports,591,train
3577,sports,545,train
3578,sports,909,train
3579,politics,922,train
3580,sports,819,train
3581,sports,734,train
3582,business,367,test
3583,sports,142,train
3584,sports,521,train
3585,sports,743,validation
3586,sports,911,train
3587,sports,612,test
3588,sports,303,train
3589,sports,497,train
3590,sports,891,validation
3591,sports,405,train
3592,sports,149,train
3593,sports,821,train
3594,sports,717,train
3595,sports,712,train
3596,sports,125,validation
3597,sports,445,train
3598,sports,485,train
3599,sports,605,test
3600,business,503,train
3601,sports,606,test
3602,sports,621,train
3603,sports,605,validation
3604,sports,653,train
3605,sports,636,train
3606,politics,850,train
3607,politics,706,train
3608,sports,712,validation
3609,sports,806,test
3610,business,755,train
3611,sports,704,train
3612,sports,716,train
3613,politics,425,test
3614,business,891,train
3615,sports,526,validation
3616,sports,438,train
3617,politics,520,train
3618,sports,940,validation
3619,sports,147,train
3620,sports,563,train
3621,sports,428,train
3622,sports,1045,train
3623,politics,734,test
3624,sports,781,train
3625,sports,866,test
3626,sports,647,train
3627,sports,725,train
3628,sports,163,train
3629,sports,377,train
3630,sports,920,test
3631,sports,271,train
3632,politics,319,train
3633,business,344,train
3634,business,516,train
3635,business,633,test
3636,business,838,validation
3637,sports,680,train
3638,politics,1182,test
3639,sports,786,test
3640,sports,776,train
3641,sports,920,train
3642,sports,502,train
3643,sports,732,train
3644,politics,1168,train
3645,sports,370,train
3646,politics,655,train
3647,sports,778,train
3648,politics,432,train
3649,politics,393,train
3650,business,507,validation
3651,politics,779,train
3652,business,254,test
3653,sports,243,train
3654,sports,724,train
3655,politics,837,validation
3656,business,648,train
3657,sports,713,test
3658,sports,1029,train
3659,sports,857,train
3660,sports,653,train
3661,sports,629,train
3662,sports,754,test
3663,sports,615,train
3664,sports,601,validation
3665,sports,849,train
3666,politics,478,train
3667,politics,791,test
3668,business,861,train
3669,politics,651,train
3670,sports,107,train
3671,sports,1038,train
3672,sports,863,train
3673,sports,1026,train
3674,sports,606,train
3675,sports,734,train
3676,politics,463,train
3677,politics,980,train
3678,politics,596,train
3679,sports,278,train
3680,sports,685,train
3681,sports,577,train
3682,sports,863,train
3683,sports,621,train
3684,politics,124,train
3685,sports,419,train
3686,politics,947,train
3687,sports,744,train
3688,sports,900,train
3689,sports,842,train
3690,sports,853,train
3691,sports,761,train
3692,sports,1286,train
3693,sports,792,train
3694,politics,524,train
3695,sports,856,train
3696,sports,559,test
3697,sports,908,train
3698,sports,207,train
3699,sports,851,train
3700,sports,466,train
3701,sports,102,train
3702,sports,689,train
3703,politics,694,train
3704,politics,694,train
3705,sports,964,train
3706,politics,901,train
3707,sports,239,train
3708,sports,713,train
3709,politics,686,train
3710,politics,705,train
3711,sports,321,train
3712,sports,676,train
3713,sports,963,train
3714,sports,798,train
3715,politics,761,train
3716,politics,547,train
3717,politics,643,train
3718,politics,1223,train
3719,sports,717,train
3720,politics,109,train
3721,sports,731,train
3722,sports,825,train
3723,sports,794,validation
3724,sports,445,train
3725,sports,810,train
3726,business,484,train
3727,business,511,train
3728,politics,670,train
3729,politics,766,validation
3730,politics,372,train
3731,sports,917,validation
3732,sports,261,test
3733,sports,848,train
3734,sports,765,train
3735,sports,908,train
3736,politics,915,train
3737,sports,752,train
3738,sports,807,train
3739,politics,701,train
3740,sports,588,train
3741,politics,693,train
3742,sports,663,train
3743,sports,369,validation
3744,sports,850,train
3745,sports,144,train
3746,business,633,train
3747,sports,324,train
3748,sports,187,validation
3749,sports,820,train
3750,sports,228,train
3751,sports,393,train
3752,sports,589,train
3753,business,861,train
3754,politics,711,train
3755,sports,1147,train
3756,sports,702,train
3757,sports,262,train
3758,sports,697,test
3759,business,492,train
3760,politics,654,train
3761,politics,699,train
3762,sports,939,train
3763,sports,901,train
3764,politics,712,train
3765,politics,712,train
3766,business,378,train
3767,sports,847,train
3768,business,717,train
3769,sports,876,train
3770,sports,1000,train
3771,politics,689,train
3772,sports,229,validation
3773,sports,798,train
3774,sports,1062,train
3775,sports,856,train
3776,sports,832,validation
3777,sports,789,train
3778,sports,867,train
3779,sports,941,test
3780,sports,382,train
3781,sports,404,test
3782,politics,890,train
3783,business,612,train
3784,business,740,train
3785,sports,787,train
3786,sports,577,validation
3787,politics,499,train
3788,politics,675,train
3789,sports,836,train
3790,politics,1078,validation
3791,business,886,test
3792,business,841,train
3793,sports,682,train
3794,sports,647,train
3795,politics,605,train
3796,politics,1129,train
3797,sports,918,train
3798,sports,998,test
3799,business,846,train
3800,business,306,train
3801,business,138,train
3802,sports,413,train
3803,sports,583,train
3804,sports,608,train
3805,sports,765,validation
3806,sports,702,train
3807,business,951,train
3808,sports,487,test
3809,sports,546,train
3810,sports,371,train
3811,sports,960,train
3812,sports,799,train
3813,sports,952,train
3814,politics,716,train
3815,sports,707,train
3816,sports,409,test
3817,sports,809,test
3818,sports,937,train
3819,sports,494,train
3820,sports,683,train
3821,sports,709,train
3822,sports,649,train
3823,sports,874,train
3824,business,334,train
3825,politics,587,train
3826,sports,1118,train
3827,politics,781,train
3828,business,627,train
3829,sports,752,train
3830,sports,996,validation
3831,sports,920,train
3832,politics,399,train
3833,sports,802,train
3834,sports,673,train
3835,sports,773,train
3836,sports,40,train
3837,business,810,train
3838,sports,748,train
3839,politics,599,test
3840,sports,591,train
3841,sports,944,train
3842,sports,831,validation
3843,politics,587,train
3844,politics,763,train
3845,sports,191,train
3846,sports,744,train
3847,sports,853,validation
3848,business,752,validation
3849,politics,688,train
3850,politics,773,train
3851,sports,903,validation
3852,sports,118,train
3853,politics,716,train
3854,sports,1070,train
3855,sports,127,train
3856,sports,316,train
3857,sports,497,train
3858,sports,606,train
3859,sports,434,train
3860,sports,763,train
3861,sports,320,train
3862,sports,216,train
3863,sports,807,train
3864,sports,437,train
3865,sports,356,train
3866,sports,963,test
3867,sports,840,train
3868,business,768,train
3869,sports,480,validation
3870,sports,599,train
3871,sports,1032,train
3872,sports,534,train
3873,sports,388,train
3874,sports,519,train
3875,business,336,train
3876,sports,758,train
3877,sports,890,train
3878,politics,847,validation
3879,sports,868,train
3880,politics,700,train
3881,sports,1120,train
3882,sports,712,train
3883,sports,147,train
3884,sports,963,train
3885,business,710,train
3886,politics,990,validation
3887,business,613,train
3888,sports,512,train
3889,sports,448,train
3890,sports,976,train
3891,sports,1089,train
3892,sports,895,train
3893,sports,826,train
3894,sports,271,train
3895,politics,569,train
3896,business,569,train
3897,sports,833,test
3898,politics,690,train
3899,politics,274,train
3900,sports,875,train
3901,politics,823,test
3902,business,296,validation
3903,sports,512,train
3904,business,626,train
3905,sports,2233,train
3906,politics,707,train
3907,sports,705,train
3908,sports,969,train
3909,sports,766,train
3910,politics,1101,train
3911,politics,206,train
3912,business,107,train
3913,business,703,train
3914,business,435,train
3915,sports,783,train
3916,politics,393,train
3917,sports,736,train
3918,sports,822,train
3919,sports,127,train
3920,sports,933,train
3921,sports,342,train
3922,sports,483,train
3923,sports,748,train
3924,sports,509,train
3925,sports,111,train
3926,sports,454,train
3927,business,489,train
3928,sports,516,train
3929,sports,938,train
3930,business,874,train
3931,politics,636,train
3932,sports,605,train
3933,politics,1055,train
3934,politics,267,validation
3935,business,233,train
3936,sports,943,train
3937,sports,884,test
3938,sports,473,train
3939,politics,1027,train
3940,business,855,test
3941,sports,914,train
3942,sports,955,train
3943,sports,797,train
3944,sports,667,train
3945,sports,550,train
3946,sports,955,train
3947,sports,676,train
3948,sports,865,train
3949,sports,480,validation
3950,sports,389,train
3951,sports,812,train
3952,sports,289,train
3953,sports,850,train
3954,sports,1198,train
3955,sports,778,train
3956,politics,947,train
3957,sports,153,train
3958,sports,717,train
3959,sports,534,train
3960,sports,731,test
3961,sports,372,train
3962,sports,589,test
3963,sports,968,test
3964,sports,949,train
3965,sports,864,train
3966,sports,730,train
3967,sports,512,train
3968,sports,452,train
3969,sports,33,train
3970,sports,499,train
3971,sports,871,train
3972,sports,1087,train
3973,sports,469,train
3974,sports,728,train
3975,business,511,train
3976,sports,936,train
3977,sports,452,train
3978,politics,425,train
3979,sports,825,train
3980,sports,861,train
3981,sports,562,train
3982,politics,754,train
3983,politics,700,train
3984,politics,737,train
3985,sports,1014,train
3986,sports,764,validation
3987,sports,756,train
3988,sports,765,train
3989,sports,657,train
3990,sports,536,train
3991,sports,1082,train
3992,sports,508,train
3993,sports,1000,train
3994,sports,263,train
3995,sports,572,train
3996,sports,532,train
3997,sports,636,test
3998,sports,840,train
3999,politics,681,train
4000,sports,747,train
4001,sports,124,train
4002,sports,457,train
4003,sports,123,test
4004,sports,1019,train
4005,politics,819,validation
4006,sports,408,train
4007,sports,272,validation
4008,politics,963,train
4009,politics,568,validation
4010,business,1078,train
4011,politics,611,train
4012,politics,768,train
4013,politics,593,train
4014,sports,583,train
4015,sports,667,train
4016,business,725,train
4017,sports,937,test
4018,politics,923,train
4019,business,349,train
4020,business,282,train
4021,sports,447,validation
4022,sports,602,train
4023,sports,96,train
4024,sports,580,validation
4025,sports,677,train
4026,sports,978,train
4027,business,743,train
4028,politics,832,train
4029,sports,533,train
4030,politics,1018,train
4031,business,476,train
4032,politics,689,train
4033,politics,684,validation
4034,business,448,validation
4035,sports,504,train
4036,politics,681,train
4037,politics,862,train
4038,sports,902,train
4039,sports,442,train
4040,sports,723,train
4041,sports,829,train
4042,sports,280,train
4043,sports,1106,train
4044,sports,1241,train
4045,sports,489,train
4046,politics,977,validation
4047,sports,966,train
4048,sports,799,train
4049,sports,967,validation
4050,sports,736,train
4051,sports,450,train
4052,sports,529,train
4053,politics,1028,train
4054,sports,726,train
4055,sports,729,train
4056,sports,537,train
4057,sports,742,train
4058,politics,487,train
4059,sports,392,train
4060,politics,508,train
4061,sports,980,train
4062,sports,707,validation
4063,sports,658,train
4064,politics,862,train
4065,sports,894,train
4066,politics,157,train
4067,business,627,train
4068,politics,677,train
4069,business,853,train
4070,sports,1027,train
4071,sports,726,train
4072,sports,827,train
4073,sports,776,train
4074,sports,833,train
4075,sports,446,train
4076,sports,838,train
4077,sports,846,train
4078,sports,469,test
4079,sports,283,test
4080,sports,1166,train
4081,sports,801,train
4082,sports,1044,train
4083,sports,324,train
4084,sports,1057,train
4085,sports,685,validation
4086,sports,725,train
4087,sports,653,train
4088,politics,998,train
4089,politics,244,train
4090,sports,674,train
4091,sports,866,train
4092,sports,626,test
4093,sports,789,test
4094,sports,560,train
4095,sports,646,validation
4096,sports,923,test
4097,sports,573,train
4098,sports,701,validation
4099,sports,108,train
4100,sports,1056,validation
4101,sports,718,train
4102,sports,882,train
4103,sports,289,train
4104,sports,568,train
4105,sports,881,test
4106,sports,694,train
4107,sports,327,train
4108,sports,962,train
4109,sports,647,train
4110,politics,429,train
4111,sports,659,train
4112,sports,391,train
4113,business,549,train
4114,sports,1001,train
4115,sports,347,train
4116,sports,827,train
4117,sports,872,train
4118,sports,790,train
4119,sports,1001,train
4120,sports,134,train
4121,sports,989,train
4122,sports,890,train
4123,sports,1007,train
4124,sports,588,validation
4125,sports,950,test
4126,sports,900,train
4127,sports,444,test
4128,sports,730,train
4129,business,765,validation
4130,sports,976,train
4131,business,685,train
4132,sports,732,train
4133,sports,876,train
4134,sports,438,train
4135,sports,890,train
4136,sports,713,train
4137,sports,332,train
4138,sports,1083,train
4139,sports,987,train
4140,politics,945,train
4141,politics,852,train
4142,politics,1530,validation
4143,sports,796,test
4144,sports,1102,test
4145,sports,766,train
4146,sports,1011,train
4147,sports,114,train
4148,sports,742,train
4149,politics,742,train
4150,sports,842,train
4151,sports,720,test
4152,sports,441,train
4153,business,380,train
4154,sports,690,validation
4155,sports,761,train
4156,sports,1002,test
4157,sports,698,train
4158,sports,163,train
4159,sports,176,train
4160,sports,748,train
4161,sports,737,validation
4162,politics,629,train
4163,sports,955,train
4164,sports,774,train
4165,sports,956,train
4166,sports,614,train
4167,sports,928,validation
4168,sports,841,train
4169,sports,704,validation
4170,sports,201,train
4171,politics,790,train
4172,sports,422,test
4173,sports,384,test
4174,sports,650,train
4175,sports,478,train
4176,sports,1059,test
4177,sports,866,train
4178,sports,907,train
4179,sports,536,validation
4180,sports,488,train
4181,sports,775,train
4182,sports,608,train
4183,sports,700,train
4184,sports,835,train
4185,politics,715,train
4186,sports,312,train
4187,sports,846,test
4188,sports,698,train
4189,sports,128,test
4190,politics,296,train
4191,sports,791,validation
4192,politics,1008,validation
4193,sports,894,train
4194,sports,659,train
4195,politics,593,train
4196,sports,666,train
4197,sports,772,train
4198,business,712,train
4199,sports,652,test
4200,sports,986,validation
4201,sports,67,train
4202,sports,1107,train
4203,sports,884,train
4204,politics,692,train
4205,sports,680,train
4206,sports,760,train
4207,politics,99,train
4208,sports,914,train
4209,sports,654,train
4210,sports,805,validation
4211,sports,731,train
4212,sports,854,train
4213,sports,1012,test
4214,business,716,train
4215,politics,233,test
4216,politics,787,validation
4217,politics,815,train
4218,sports,230,train
4219,sports,863,train
4220,sports,841,test
4221,sports,574,train
4222,sports,692,validation
4223,politics,554,train
4224,sports,217,test
4225,politics,1192,train
4226,business,906,train
4227,politics,844,train
4228,politics,577,train
4229,sports,693,test
4230,sports,867,test
4231,sports,688,train
4232,business,101,train
4233,politics,415,test
4234,business,522,train
4235,business,522,train
4236,sports,718,train
4237,business,715,train
4238,sports,179,train
4239,sports,733,train
4240,sports,980,train
4241,sports,745,train
4242,politics,628,validation
4243,politics,83,train
4244,sports,221,test
4245,sports,456,train
4246,sports,628,train
4247,sports,678,train
4248,sports,533,train
4249,sports,912,train
4250,sports,868,train
4251,sports,662,train
4252,politics,1220,test
4253,politics,490,train
4254,business,592,train
4255,business,427,test
4256,sports,355,train
4257,sports,627,validation
4258,politics,812,test
4259,business,389,train
4260,sports,855,train
4261,sports,807,train
4262,sports,543,train
4263,sports,619,train
4264,sports,562,train
4265,politics,1056,train
4266,sports,814,train
4267,sports,1054,train
4268,politics,678,train
4269,sports,987,train
4270,sports,301,train
4271,sports,613,train
4272,sports,62,train
4273,sports,974,validation
4274,sports,701,train
4275,sports,253,train
4276,politics,1117,train
4277,politics,573,train
4278,business,590,train
4279,sports,831,train
4280,sports,943,test
4281,business,620,train
4282,sports,946,test
4283,sports,671,train
4284,sports,577,test
4285,politics,680,train
4286,sports,477,train
4287,business,1212,validation
4288,sports,505,train
4289,sports,133,train
4290,sports,730,train
4291,sports,708,validation
4292,sports,671,train
4293,sports,181,train
4294,sports,636,validation
4295,sports,494,train
4296,business,764,train
4297,sports,701,validation
4298,sports,651,train
4299,sports,796,train
4300,sports,661,test
4301,sports,938,train
4302,sports,637,train
4303,sports,813,train
4304,sports,434,train
4305,sports,389,train
4306,sports,671,train
4307,sports,779,train
4308,sports,706,train
4309,politics,583,train
4310,sports,224,train
4311,politics,810,train
4312,sports,513,test
4313,business,493,train
4314,sports,1025,train
4315,politics,851,train
4316,sports,1000,train
4317,politics,730,validation
4318,sports,656,train
4319,politics,795,train
4320,sports,1014,train
4321,sports,654,train
4322,sports,495,validation
4323,politics,983,train
4324,sports,973,train
4325,sports,687,train
4326,sports,591,train
4327,sports,488,train
4328,sports,382,train
4329,sports,591,test
4330,sports,1189,train
4331,sports,235,train
4332,politics,637,train
4333,sports,721,train
4334,sports,753,train
4335,sports,787,train
4336,sports,382,test
4337,sports,797,train
4338,sports,1141,train
4339,politics,446,test
4340,sports,928,train
4341,politics,569,train
4342,sports,591,train
4343,business,264,train
4344,sports,584,train
4345,business,848,train
4346,sports,367,train
4347,sports,751,validation
4348,business,366,test
4349,business,568,train
4350,sports,348,train
4351,politics,726,train
4352,politics,988,test
4353,sports,118,validation
4354,sports,878,train
4355,sports,782,train
4356,business,618,train
4357,business,550,train
4358,sports,846,test
4359,politics,765,train
4360,politics,631,train
4361,sports,444,train
4362,sports,599,train
4363,sports,723,train
4364,sports,482,train
4365,sports,360,train
4366,sports,878,train
4367,politics,439,train
4368,sports,942,train
4369,sports,824,validation
4370,sports,932,train
4371,sports,795,train
4372,politics,906,validation
4373,politics,754,train
4374,politics,958,train
4375,sports,743,train
4376,politics,814,test
4377,sports,129,train
4378,politics,765,train
4379,sports,751,train
4380,sports,730,train
4381,sports,627,train
4382,sports,692,train
4383,sports,1035,train
4384,sports,770,train
4385,sports,878,train
4386,sports,429,validation
4387,politics,725,validation
4388,sports,763,train
4389,sports,914,validation
4390,sports,408,train
4391,sports,515,test
4392,sports,416,train
4393,sports,415,train
4394,sports,595,train
4395,sports,171,train
4396,sports,733,train
4397,sports,556,train
4398,sports,205,train
4399,sports,599,test
4400,sports,671,train
4401,business,694,train
4402,business,908,train
4403,sports,588,train
4404,sports,1183,train
4405,sports,396,validation
4406,sports,605,train
4407,sports,515,train
4408,sports,519,train
4409,sports,616,train
4410,sports,641,test
4411,sports,218,validation
4412,sports,747,train
4413,sports,839,train
4414,politics,984,train
4415,sports,169,train
4416,sports,768,train
4417,politics,744,train
4418,politics,694,train
4419,sports,741,train
4420,sports,764,validation
4421,sports,890,test
4422,sports,788,train
4423,business,666,train
4424,business,312,test
4425,sports,984,train
4426,politics,644,train
4427,sports,889,train
4428,sports,971,train
4429,politics,717,train
4430,sports,803,test
4431,sports,654,train
4432,sports,591,train
4433,sports,785,test
4434,sports,552,train
4435,sports,508,test
4436,sports,719,test
4437,politics,724,train
4438,sports,890,train
4439,politics,829,train
4440,politics,182,train
4441,sports,715,train
4442,sports,845,train
4443,sports,845,validation
4444,sports,124,test
4445,business,1027,test
4446,sports,898,train
4447,business,450,test
4448,sports,311,train
4449,sports,849,train
4450,sports,685,train
4451,sports,837,train
4452,sports,809,train
4453,sports,670,train
4454,business,508,validation
4455,politics,964,train
4456,sports,319,train
4457,sports,551,train
4458,sports,870,train
4459,sports,705,train
4460,sports,1068,train
4461,sports,549,train
4462,sports,646,train
4463,sports,814,train
4464,sports,831,train
4465,sports,548,train
4466,sports,666,train
4467,sports,827,validation
4468,business,289,train
4469,sports,644,test
4470,sports,395,train
4471,politics,794,train
4472,sports,280,train
4473,sports,973,train
4474,politics,962,test
4475,politics,812,test
4476,sports,675,train
4477,business,1089,train
4478,business,1018,validation
4479,sports,1032,test
4480,sports,371,train
4481,sports,939,train
4482,sports,453,train
4483,sports,918,train
4484,politics,814,validation
4485,politics,327,train
4486,sports,990,train
4487,sports,516,validation
4488,business,629,validation
4489,politics,670,train
4490,sports,738,train
4491,politics,927,test
4492,politics,464,train
4493,politics,764,train
4494,sports,717,train
4495,sports,111,train
4496,sports,612,train
4497,sports,949,train
4498,business,826,validation
4499,sports,480,train
4500,sports,706,train
4501,politics,745,train
4502,sports,432,train
4503,politics,1130,train
4504,sports,771,train
4505,sports,714,train
4506,sports,972,train
4507,sports,985,validation
4508,sports,689,train
4509,sports,593,train
4510,politics,758,test
4511,politics,598,validation
4512,sports,141,train
4513,sports,900,train
4514,business,274,validation
4515,sports,348,train
4516,sports,674,train
4517,sports,42,train
4518,sports,148,train
4519,sports,511,validation
4520,sports,754,train
4521,politics,1211,train
4522,sports,473,train
4523,sports,614,train
4524,politics,509,validation
4525,business,641,train
4526,sports,724,train
4527,sports,926,train
4528,sports,842,validation
4529,sports,949,validation
4530,sports,901,validation
4531,sports,906,validation
4532,sports,896,train
4533,sports,680,test
4534,politics,828,train
4535,sports,794,train
4536,sports,144,train
4537,sports,861,train
4538,sports,620,train
4539,sports,610,validation
4540,sports,951,test
4541,politics,727,train
4542,sports,726,train
4543,sports,461,train
4544,sports,1067,train
4545,sports,808,train
4546,sports,143,train
4547,politics,879,train
4548,sports,534,train
4549,sports,177,train
4550,sports,421,train
4551,sports,836,train
4552,politics,775,train
4553,sports,1019,train
4554,sports,623,train
4555,sports,722,validation
4556,sports,417,train
4557,sports,787,train
4558,sports,750,test
4559,sports,953,test
4560,sports,1049,train
4561,sports,372,train
4562,sports,454,train
4563,sports,1120,train
4564,business,296,train
4565,business,1084,train
4566,sports,859,train
4567,politics,683,train
4568,sports,431,train
4569,sports,5204,test
4570,sports,731,train
4571,sports,421,validation
4572,sports,810,train
4573,sports,613,train
4574,sports,668,train
4575,sports,655,train
4576,sports,686,train
4577,sports,924,train
4578,sports,1125,train
4579,sports,729,train
4580,sports,1021,train
4581,sports,1104,train
4582,sports,1676,validation
4583,sports,811,train
4584,sports,1142,train
4585,sports,762,train
4586,politics,1031,test
4587,sports,743,train
4588,sports,379,train
4589,sports,854,train
4590,sports,952,train
4591,politics,534,train
4592,business,301,train
4593,sports,834,train
4594,sports,886,validation
4595,sports,487,train
4596,politics,710,validation
4597,sports,611,train
4598,sports,650,train
4599,sports,954,train
4600,sports,690,train
4601,sports,702,test
4602,sports,757,train
4603,sports,533,train
4604,sports,899,test
4605,sports,615,train
4606,sports,1120,train
4607,sports,339,train
4608,politics,925,train
4609,politics,690,test
4610,sports,593,train
4611,sports,669,validation
4612,sports,565,test
4613,sports,407,train
4614,sports,270,train
4615,sports,470,validation
4616,sports,527,train
4617,sports,966,test
4618,sports,199,train
4619,sports,730,train
4620,business,635,train
4621,sports,515,train
4622,politics,771,train
4623,sports,944,train
4624,sports,896,train
4625,sports,690,train
4626,politics,749,validation
4627,politics,628,train
4628,sports,751,train
4629,sports,458,train
4630,sports,144,train
4631,sports,974,validation
4632,politics,1055,train
4633,politics,1029,train
4634,sports,637,validation
4635,sports,737,train
4636,sports,323,train
4637,sports,1009,train
4638,sports,693,train
4639,sports,768,train
4640,sports,651,train
4641,sports,831,validation
4642,sports,784,train
4643,sports,673,train
4644,sports,744,train
4645,sports,118,train
4646,sports,217,train
4647,sports,975,train
4648,politics,690,train
4649,sports,728,train
4650,sports,937,train
4651,business,966,train
4652,business,976,train
4653,business,737,train
4654,politics,779,train
4655,sports,544,train
4656,sports,713,train
4657,sports,470,train
4658,politics,453,train
4659,sports,522,train
4660,sports,389,validation
4661,sports,621,train
4662,sports,563,train
4663,sports,325,validation
4664,sports,369,train
4665,sports,722,train
4666,sports,721,train
4667,politics,546,train
4668,sports,517,train
4669,business,433,train
4670,sports,708,validation
4671,politics,383,train
4672,politics,717,train
4673,sports,524,train
4674,sports,298,test
4675,sports,525,validation
4676,sports,230,train
4677,sports,856,train
4678,sports,776,train
4679,sports,870,train
4680,sports,738,train
4681,sports,1037,validation
4682,politics,663,train
4683,politics,736,train
4684,sports,145,train
4685,politics,891,train
4686,politics,659,validation
4687,sports,153,train
4688,business,283,test
4689,politics,677,train
4690,sports,796,train
4691,sports,1073,train
4692,sports,625,train
4693,sports,1000,validation
4694,sports,600,train
4695,politics,736,train
4696,business,493,validation
4697,sports,132,train
4698,sports,287,test
4699,sports,248,train
4700,sports,911,train
4701,sports,427,train
4702,sports,827,train
4703,sports,885,train
4704,sports,968,validation
4705,sports,1026,test
4706,sports,99,test
4707,sports,730,train
4708,sports,590,train
4709,sports,857,train
4710,sports,910,train
4711,sports,718,train
4712,business,784,train
4713,sports,137,train
4714,politics,984,train
4715,politics,1114,train
4716,business,736,train
4717,business,1024,train
4718,politics,716,test
4719,business,794,validation
4720,sports,581,test
4721,sports,738,test
4722,sports,1117,train
4723,sports,580,train
4724,politics,1041,train
4725,sports,275,test
4726,sports,306,test
4727,sports,340,train
4728,sports,711,validation
4729,sports,504,test
4730,sports,298,train
4731,sports,1231,train
4732,sports,694,train
4733,sports,729,train
4734,sports,391,train
4735,sports,1211,train
4736,sports,537,train
4737,politics,747,train
4738,sports,749,train
4739,business,615,train
4740,sports,750,test
4741,sports,132,validation
4742,sports,997,train
4743,sports,692,test
4744,business,426,train
4745,sports,702,train
4746,sports,345,train
4747,politics,737,test
4748,sports,398,train
4749,sports,850,train
4750,sports,737,train
4751,business,466,train
4752,sports,151,test
4753,politics,400,train
4754,politics,707,train
4755,sports,788,test
4756,sports,1563,train
4757,sports,763,train
4758,sports,706,validation
4759,sports,145,train
4760,sports,810,train
4761,sports,881,test
4762,sports,785,validation
4763,sports,812,train
4764,sports,133,train
4765,sports,640,validation
4766,sports,684,test
4767,sports,155,test
4768,politics,763,train
4769,sports,517,train
4770,sports,398,train
4771,sports,515,train
4772,sports,808,train
4773,sports,736,train
4774,sports,854,train
4775,sports,318,train
4776,sports,864,train
4777,politics,597,test
4778,business,820,train
4779,sports,341,train
4780,politics,862,train
4781,politics,760,train
4782,sports,969,train
4783,sports,591,train
4784,politics,788,train
4785,sports,531,train
4786,business,284,train
4787,politics,422,test
4788,sports,970,train
4789,politics,1211,train
4790,politics,738,test
4791,sports,916,validation
4792,sports,816,train
4793,sports,809,train
4794,sports,475,train
4795,sports,845,train
4796,sports,943,train
4797,politics,805,train
4798,sports,779,validation
4799,sports,963,validation
4800,sports,949,train
4801,business,477,train
4802,sports,854,test
4803,sports,836,train
4804,sports,722,validation
4805,sports,847,validation
4806,sports,783,train
4807,sports,601,train
4808,sports,809,train
4809,sports,494,train
4810,sports,516,train
4811,politics,458,train
4812,sports,746,train
4813,sports,726,test
4814,sports,580,train
4815,sports,624,test
4816,sports,607,train
4817,sports,754,train
4818,business,747,train
4819,sports,459,train
4820,business,390,train
4821,sports,627,train
4822,politics,757,train
4823,business,1092,train
4824,politics,893,train
4825,sports,812,test
4826,sports,806,train
4827,sports,640,test
4828,sports,877,train
4829,sports,709,train
4830,sports,847,train
4831,sports,833,validation
4832,sports,457,train
4833,business,284,train
4834,sports,727,train
4835,politics,285,train
4836,sports,795,train
4837,sports,718,train
4838,politics,896,train
4839,sports,779,train
4840,sports,695,train
4841,sports,727,train
4842,sports,994,validation
4843,sports,525,test
4844,politics,695,train
4845,sports,773,train
4846,sports,1008,train
4847,business,592,train
4848,sports,122,train
4849,business,307,train
4850,business,415,train
4851,sports,801,test
4852,politics,857,train
4853,business,1064,train
4854,sports,600,validation
4855,sports,217,train
4856,sports,133,train
4857,sports,1160,train
4858,sports,487,validation
4859,sports,381,test
4860,sports,262,train
4861,business,635,train
4862,politics,821,train
4863,politics,647,train
4864,sports,703,validation
4865,politics,910,train
4866,politics,680,train
4867,business,1173,train
4868,sports,134,test
4869,politics,335,train
4870,business,282,train
4871,sports,528,train
4872,business,665,test
4873,politics,754,train
4874,sports,466,train
4875,business,405,train
4876,sports,354,test
4877,sports,417,validation
4878,sports,694,train
4879,sports,405,train
4880,politics,965,train
4881,sports,784,test
4882,sports,972,test
4883,politics,713,test
4884,sports,733,train
4885,sports,575,train
4886,politics,934,train
4887,business,674,validation
4888,sports,963,train
4889,sports,781,test
4890,sports,703,validation
4891,sports,808,validation
4892,sports,811,train
4893,sports,458,test
4894,sports,769,train
4895,sports,321,train
4896,business,833,train
4897,sports,133,train
4898,sports,252,validation
4899,sports,543,test
4900,sports,653,train
4901,sports,588,train
4902,sports,711,train
4903,sports,666,validation
4904,sports,905,train
4905,politics,683,train
4906,sports,824,train
4907,sports,832,train
4908,politics,532,train
4909,sports,933,train
4910,sports,166,train
4911,politics,423,train
4912,politics,633,train
4913,sports,77,train
4914,sports,903,train
4915,sports,348,train
4916,sports,614,train
4917,sports,585,train
4918,sports,426,train
4919,business,631,train
4920,sports,505,train
4921,sports,806,train
4922,sports,289,train
4923,sports,451,train
4924,sports,1075,train
4925,politics,919,validation
4926,sports,687,test
4927,sports,961,train
4928,sports,207,train
4929,sports,878,train
4930,sports,1071,train
4931,sports,390,train
4932,business,431,test
4933,sports,842,train
4934,sports,605,train
4935,sports,1004,train
4936,sports,993,train
4937,sports,284,validation
4938,sports,616,validation
4939,sports,985,train
4940,sports,554,train
4941,sports,717,validation
4942,sports,492,train
4943,sports,924,test
4944,sports,636,train
4945,sports,213,train
4946,business,700,test
4947,sports,1211,train
4948,sports,708,train
4949,sports,309,test
4950,sports,612,validation
4951,sports,696,test
4952,sports,928,train
4953,business,604,train
4954,sports,231,validation
4955,sports,734,train
4956,sports,530,train
4957,sports,611,train
4958,sports,812,train
4959,sports,984,train
4960,sports,916,train
4961,sports,799,train
4962,sports,396,train
4963,sports,501,train
4964,politics,851,test
4965,sports,675,validation
4966,politics,872,train
4967,politics,702,train
4968,sports,857,train
4969,sports,914,validation
4970,politics,751,train
4971,sports,1021,test
4972,sports,649,test
4973,politics,270,validation
4974,sports,905,train
4975,business,466,train
4976,sports,633,train
4977,sports,422,test
4978,sports,952,train
4979,sports,565,validation
4980,sports,766,validation
4981,sports,518,validation
4982,business,1085,train
4983,sports,627,train
4984,sports,652,train
4985,sports,274,test
4986,sports,761,train
4987,business,262,train
4988,politics,849,validation
4989,politics,890,train
4990,sports,1020,train
4991,sports,434,train
4992,sports,501,train
4993,sports,911,train
4994,sports,738,test
4995,sports,828,train
4996,business,642,train
4997,sports,949,train
4998,sports,898,train
4999,sports,946,train
5000,sports,593,train
5001,politics,1667,train
5002,sports,863,train
5003,business,1111,train
5004,sports,532,train
5005,sports,112,validation
5006,sports,931,train
5007,sports,614,validation
5008,sports,227,train
5009,business,308,train
5010,sports,585,train
5011,politics,815,train
5012,sports,776,validation
5013,sports,635,train
5014,sports,911,test
5015,business,530,train
5016,sports,823,train
5017,sports,823,validation
5018,politics,347,train
5019,politics,546,train
5020,sports,658,train
5021,politics,475,train
5022,sports,767,train
5023,sports,926,train
5024,business,93,train
5025,sports,711,train
5026,sports,178,train
5027,business,664,train
5028,sports,157,test
5029,sports,465,train
5030,sports,830,test
5031,sports,499,train
5032,sports,317,test
5033,sports,637,train
5034,sports,128,train
5035,sports,118,test
5036,sports,141,train
5037,sports,715,train
5038,sports,470,train
5039,sports,699,test
5040,politics,887,test
5041,sports,294,train
5042,sports,781,train
5043,sports,851,validation
5044,politics,780,train
5045,sports,824,train
5046,sports,676,train
5047,politics,752,train
5048,sports,1026,train
5049,politics,712,train
5050,politics,926,train
5051,politics,1142,train
5052,sports,657,train
5053,sports,801,train
5054,business,427,validation
5055,sports,807,train
5056,sports,685,train
5057,sports,857,train
5058,sports,676,train
5059,politics,969,train
5060,politics,781,test
5061,sports,984,train
5062,sports,702,train
5063,sports,688,train
5064,sports,593,train
5065,sports,547,train
5066,politics,686,train
5067,sports,175,validation
5068,sports,968,train
5069,politics,762,train
5070,sports,890,train
5071,sports,995,validation
5072,sports,938,train
5073,business,916,test
5074,sports,847,train
5075,sports,560,validation
5076,business,918,train
5077,sports,714,train
5078,politics,1039,validation
5079,sports,1019,test
5080,sports,815,train
5081,politics,847,train
5082,sports,634,train
5083,sports,526,validation
5084,politics,706,train
5085,sports,771,train
5086,sports,818,test
5087,business,685,train
5088,business,275,validation
5089,business,834,train
5090,sports,609,validation
5091,sports,375,train
5092,sports,356,train
5093,sports,842,train
5094,business,834,train
5095,sports,385,train
5096,politics,409,train
5097,sports,684,train
5098,business,755,train
5099,sports,900,train
5100,sports,1005,train
5101,sports,834,train
5102,sports,835,train
5103,sports,200,train
5104,politics,673,train
5105,business,707,train
5106,business,696,train
5107,sports,776,train
5108,sports,812,train
5109,politics,703,train
5110,sports,695,test
5111,sports,892,train
5112,politics,798,train
5113,sports,398,validation
5114,sports,696,validation
5115,business,686,train
5116,sports,471,train
5117,business,762,validation
5118,politics,651,validation
5119,sports,410,train
5120,sports,298,train
5121,sports,760,test
5122,sports,683,train
5123,sports,716,validation
5124,sports,129,train
5125,politics,690,train
5126,sports,616,train
5127,sports,658,train
5128,sports,857,train
5129,politics,1005,train
5130,sports,723,train
5131,politics,1070,train
5132,politics,707,train
5133,sports,392,test
5134,sports,1009,train
5135,sports,561,train
5136,sports,452,train
5137,sports,546,train
5138,business,574,train
5139,politics,1249,train
5140,sports,803,train
5141,sports,428,train
5142,politics,707,train
5143,sports,628,train
5144,sports,508,train
5145,sports,1007,train
5146,sports,806,train
5147,sports,233,train
5148,business,962,train
5149,sports,119,test
5150,sports,692,train
5151,sports,583,train
5152,sports,859,train
5153,sports,644,test
5154,sports,654,train
5155,sports,648,test
5156,sports,611,validation
5157,politics,624,train
5158,sports,857,train
5159,sports,911,train
5160,sports,809,train
5161,sports,783,train
5162,business,79,train
5163,politics,843,test
5164,business,793,train
5165,business,891,train
5166,sports,743,train
5167,sports,1006,train
5168,sports,720,train
5169,sports,354,train
5170,sports,954,train
5171,sports,862,train
5172,politics,1026,train
5173,sports,549,validation
5174,politics,687,train
5175,sports,767,train
5176,business,494,train
5177,sports,322,train
5178,sports,628,train
5179,sports,900,train
5180,sports,772,train
5181,sports,796,train
5182,sports,645,train
5183,sports,681,train
5184,sports,507,train
5185,sports,611,test
5186,sports,530,validation
5187,business,644,train
5188,sports,591,train
5189,business,889,train
5190,politics,827,train
5191,sports,306,train
5192,sports,434,train
5193,sports,330,train
5194,sports,864,train
5195,politics,508,train
5196,sports,665,train
5197,sports,790,train
5198,sports,640,train
5199,politics,726,train
5200,politics,429,train
5201,sports,1007,train
5202,sports,104,train
5203,sports,363,train
5204,sports,718,test
5205,politics,689,train
5206,sports,650,train
5207,sports,577,train
5208,sports,585,train
5209,sports,361,train
5210,sports,820,train
5211,sports,886,train
5212,sports,149,train
5213,business,757,train
5214,business,839,test
5215,business,1152,train
5216,business,1280,train
5217,business,832,train
5218,sports,693,validation
5219,sports,401,train
5220,business,516,train
5221,sports,496,train
5222,politics,1023,train
5223,business,984,train
5224,sports,923,train
5225,sports,292,test
5226,business,719,test
5227,politics,1033,test
5228,sports,449,train
5229,sports,449,train
5230,sports,1082,train
5231,sports,332,train
5232,sports,424,validation
5233,sports,404,train
5234,sports,562,train
5235,sports,757,test
5236,sports,811,test
5237,sports,787,train
5238,sports,669,train
5239,sports,443,train
5240,sports,1032,train
5241,sports,1498,train
5242,politics,749,train
5243,sports,921,train
5244,politics,670,train
5245,sports,835,train
5246,sports,785,validation
5247,business,988,train
5248,politics,697,train
5249,politics,218,train
5250,sports,472,train
5251,sports,476,train
5252,sports,1000,validation
5253,sports,509,train
5254,sports,329,train
5255,sports,574,train
5256,business,238,train
5257,sports,681,train
5258,sports,1075,validation
5259,business,843,train
5260,business,681,test
5261,sports,780,train
5262,sports,200,validation
5263,business,634,train
5264,business,855,train
5265,sports,732,train
5266,business,447,train
5267,sports,883,train
5268,sports,804,train
5269,sports,843,train
5270,sports,555,train
5271,sports,768,test
5272,business,888,train
5273,sports,753,train
5274,sports,1138,train
5275,business,724,train
5276,politics,658,validation
5277,business,79,train
5278,sports,437,train
5279,politics,1112,train
5280,sports,661,train
5281,business,165,train
5282,sports,657,train
5283,business,368,train
5284,sports,524,train
5285,sports,899,train
5286,business,763,train
5287,sports,492,train
5288,sports,532,train
5289,sports,825,train
5290,sports,838,test
5291,politics,638,train
5292,sports,457,validation
5293,business,400,train
5294,sports,133,train
5295,sports,976,train
5296,sports,959,train
5297,business,739,train
5298,sports,789,train
5299,sports,487,train
5300,sports,794,train
5301,sports,634,train
5302,sports,80,train
5303,sports,1149,train
5304,sports,997,train
5305,business,777,train
5306,sports,479,train
5307,sports,372,train
5308,sports,538,train
5309,sports,543,validation
5310,sports,143,train
5311,sports,327,validation
5312,sports,720,train
5313,sports,682,test
5314,sports,692,train
5315,sports,690,train
5316,sports,774,test
5317,sports,928,train
5318,politics,850,train
5319,sports,486,test
5320,sports,608,train
5321,sports,854,train
5322,sports,967,train
5323,sports,374,validation
5324,politics,1002,train
5325,politics,668,train
5326,sports,796,test
5327,sports,848,train
5328,sports,384,train
5329,sports,588,train
5330,sports,1005,train
5331,sports,639,train
5332,sports,975,validation
5333,sports,593,train
5334,sports,952,train
5335,sports,838,validation
5336,sports,920,train
5337,sports,897,train
5338,sports,692,train
5339,business,404,validation
5340,sports,704,validation
5341,sports,759,train
5342,sports,962,validation
5343,sports,808,train
5344,politics,701,train
5345,sports,706,train
5346,sports,715,train
5347,sports,469,train
5348,politics,698,train
5349,politics,587,train
5350,business,719,train
5351,sports,621,train
5352,sports,621,train
5353,sports,674,train
5354,sports,970,train
5355,sports,660,train
5356,sports,213,train
5357,politics,991,train
5358,politics,316,test
5359,sports,678,train
5360,sports,846,train
5361,politics,871,train
5362,sports,375,train
5363,business,774,train
5364,sports,790,train
5365,sports,761,train
5366,politics,730,train
5367,politics,902,train
5368,politics,666,validation
5369,sports,404,train
5370,sports,637,test
5371,sports,126,train
5372,sports,131,train
5373,sports,757,train
5374,sports,507,train
5375,sports,387,train
5376,sports,777,train
5377,business,896,train
5378,business,472,train
5379,politics,1061,test
5380,sports,703,train
5381,sports,1002,train
5382,sports,798,validation
5383,business,704,validation
5384,politics,665,train
5385,sports,357,train
5386,business,600,validation
5387,sports,755,train
5388,sports,635,test
5389,sports,813,validation
5390,sports,246,train
5391,politics,584,train
5392,sports,935,validation
5393,politics,782,validation
5394,sports,535,train
5395,politics,940,train
5396,business,977,test
5397,politics,181,train
5398,sports,801,train
5399,sports,887,train
5400,sports,683,train
5401,sports,736,train
5402,sports,772,train
5403,sports,990,train
5404,sports,894,train
5405,business,349,train
5406,sports,817,train
5407,sports,688,train
5408,sports,567,train
5409,sports,919,train
5410,sports,895,train
5411,sports,654,train
5412,sports,966,test
5413,sports,650,train
5414,sports,419,train
5415,business,866,test
5416,sports,651,test
5417,sports,219,train
5418,business,322,train
5419,sports,870,train
5420,sports,364,train
5421,sports,804,train
5422,politics,791,validation
5423,sports,84,train
5424,sports,339,train
5425,politics,781,train
5426,sports,842,train
5427,politics,791,train
5428,sports,617,train
5429,sports,669,train
5430,politics,489,train
5431,sports,792,train
5432,politics,202,train
5433,sports,379,train
5434,sports,277,train
5435,sports,846,train
5436,politics,273,train
5437,sports,778,validation
5438,sports,1005,train
5439,sports,457,validation
5440,sports,300,train
5441,sports,520,train
5442,sports,841,train
5443,sports,470,train
5444,sports,508,train
5445,sports,650,validation
5446,politics,646,train
5447,politics,681,train
5448,business,424,train
5449,sports,936,train
5450,politics,884,validation
5451,politics,928,train
5452,sports,699,train
5453,sports,932,train
5454,sports,1000,test
5455,sports,452,train
5456,sports,915,train
5457,sports,472,train
5458,sports,718,test
5459,sports,768,train
5460,sports,526,train
5461,sports,687,train
5462,sports,726,train
5463,sports,325,validation
5464,sports,374,train
5465,sports,880,train
5466,sports,574,train
5467,sports,698,train
5468,sports,646,validation
5469,sports,146,train
5470,sports,494,train
5471,business,667,train
5472,sports,417,train
5473,sports,831,train
5474,business,413,train
5475,politics,380,train
5476,sports,919,train
5477,sports,434,train
5478,sports,830,train
5479,sports,529,train
5480,politics,582,train
5481,sports,771,train
5482,politics,688,train
5483,sports,794,train
5484,politics,248,train
5485,sports,929,train
5486,sports,598,train
5487,sports,908,train
5488,sports,835,train
5489,sports,534,train
5490,sports,337,train
5491,sports,735,test
5492,sports,848,train
5493,sports,741,train
5494,sports,680,train
5495,sports,170,validation
5496,sports,588,validation
5497,business,408,train
5498,sports,572,train
5499,business,971,train
5500,sports,685,train
5501,sports,885,train
5502,sports,447,train
5503,sports,651,train
5504,business,805,train
5505,sports,511,train
5506,sports,839,test
5507,sports,502,test
5508,sports,971,train
5509,sports,715,train
5510,sports,622,train
5511,sports,1298,train
5512,sports,372,test
5513,politics,472,train
5514,sports,1027,test
5515,sports,546,train
5516,sports,823,train
5517,sports,642,train
5518,sports,164,train
5519,sports,714,train
5520,politics,750,train
5521,sports,799,train
5522,sports,706,test
5523,sports,600,train
5524,politics,1257,train
5525,sports,720,train
5526,sports,585,train
5527,politics,747,train
5528,sports,837,train
5529,sports,809,train
5530,business,645,train
5531,business,599,train
5532,business,642,train
5533,business,359,train
5534,politics,652,train
5535,sports,575,train
5536,sports,418,train
5537,politics,798,train
5538,sports,560,train
5539,sports,727,train
5540,sports,967,train
5541,business,615,validation
5542,sports,392,test
5543,sports,697,train
5544,sports,568,train
5545,sports,649,train
5546,sports,929,test
5547,sports,396,train
5548,politics,692,train
5549,sports,397,train
5550,sports,240,train
5551,sports,744,train
5552,sports,962,train
5553,politics,831,train
5554,politics,665,train
5555,business,745,train
5556,politics,668,train
5557,sports,394,train
5558,business,224,train
5559,sports,434,train
5560,sports,976,train
5561,politics,757,train
5562,sports,426,train
5563,sports,1005,train
5564,sports,710,train
5565,politics,739,train
5566,sports,292,train
5567,business,942,test
5568,sports,643,test
5569,sports,935,train
5570,sports,437,train
5571,sports,524,train
5572,sports,432,train
5573,sports,506,train
5574,sports,956,train
5575,politics,972,train
5576,sports,1006,train
5577,sports,998,test
5578,sports,889,test
5579,sports,491,train
5580,politics,1042,train
5581,sports,168,train
5582,sports,786,train
5583,politics,867,train
5584,politics,663,train
5585,sports,566,train
5586,sports,472,train
5587,sports,929,train
5588,sports,388,train
5589,sports,816,validation
5590,sports,335,train
5591,sports,765,train
5592,politics,809,validation
5593,sports,716,train
5594,politics,867,train
5595,sports,741,train
5596,politics,248,train
5597,sports,535,train
5598,sports,952,train
5599,politics,408,train
5600,politics,993,train
5601,sports,659,train
5602,sports,835,train
5603,sports,798,train
5604,sports,634,test
5605,sports,634,train
5606,politics,804,train
5607,sports,737,train
5608,sports,878,train
5609,politics,739,train
5610,sports,942,train
5611,sports,850,train
5612,sports,872,test
5613,sports,953,train
5614,politics,734,validation
5615,business,629,train
5616,sports,778,train
5617,business,918,train
5618,sports,776,train
5619,sports,655,train
5620,sports,987,validation
5621,sports,987,train
5622,politics,539,train
5623,sports,976,train
5624,sports,647,train
5625,sports,113,train
5626,sports,835,train
5627,sports,428,train
5628,sports,815,train
5629,politics,721,train
5630,sports,958,train
5631,politics,674,train
5632,sports,835,train
5633,sports,291,train
5634,sports,726,train
5635,politics,584,train
5636,sports,582,train
5637,sports,90,train
5638,sports,295,train
5639,sports,849,train
5640,sports,603,train
5641,sports,121,train
5642,politics,760,train
5643,politics,610,test
5644,sports,210,train
5645,sports,786,train
5646,sports,506,validation
5647,sports,223,validation
5648,sports,517,train
5649,sports,143,test
5650,sports,931,train
5651,sports,526,train
5652,politics,1011,validation
5653,sports,506,train
5654,politics,620,test
5655,sports,493,test
5656,sports,489,train
5657,sports,621,validation
5658,sports,632,train
5659,sports,536,validation
5660,sports,777,train
5661,sports,223,test
5662,politics,548,train
5663,sports,978,train
5664,sports,396,train
5665,sports,766,train
5666,sports,315,train
5667,sports,340,train
5668,sports,1159,train
5669,sports,1058,train
5670,sports,746,train
5671,politics,419,train
5672,sports,703,train
5673,politics,1252,train
5674,sports,879,train
5675,sports,427,train
5676,sports,1040,train
5677,business,370,validation
5678,sports,292,train
5679,sports,591,train
5680,business,934,train
5681,politics,720,train
5682,business,763,train
5683,sports,718,train
5684,politics,651,test
5685,business,1257,train
5686,sports,327,train
5687,politics,654,train
5688,sports,420,train
5689,sports,786,train
5690,sports,506,train
5691,sports,466,test
5692,sports,156,train
5693,sports,443,train
5694,sports,903,train
5695,sports,302,train
5696,sports,592,train
5697,politics,1165,train
5698,sports,401,train
5699,sports,335,train
5700,sports,668,train
5701,business,307,train
5702,sports,515,validation
5703,sports,725,train
5704,sports,91,test
5705,sports,798,train
5706,sports,866,train
5707,sports,373,train
5708,sports,837,train
5709,politics,643,test
5710,politics,672,train
5711,sports,689,train
5712,sports,1011,validation
5713,sports,569,train
5714,sports,231,train
5715,sports,406,train
5716,sports,890,train
5717,sports,135,train
5718,sports,930,train
5719,sports,522,test
5720,politics,747,train
5721,sports,976,train
5722,sports,788,train
5723,sports,762,train
5724,sports,298,train
5725,politics,743,train
5726,sports,615,validation
5727,sports,747,validation
5728,politics,666,test
5729,politics,288,test
5730,sports,869,train
5731,sports,683,train
5732,politics,719,test
5733,sports,952,train
5734,sports,857,train
5735,sports,1097,train
5736,sports,752,train
5737,sports,132,train
5738,sports,513,test
5739,sports,126,train
5740,politics,955,train
5741,sports,777,train
5742,sports,753,train
5743,sports,939,train
5744,sports,665,train
5745,sports,759,train
5746,sports,907,train
5747,sports,478,train
5748,business,875,train
5749,sports,757,train
5750,sports,826,train
5751,sports,335,train
5752,sports,993,train
5753,sports,1003,train
5754,sports,927,train
5755,sports,506,train
5756,sports,771,train
5757,sports,812,train
5758,sports,737,validation
5759,business,522,test
5760,politics,502,validation
5761,sports,957,train
5762,politics,594,test
5763,sports,826,train
5764,sports,922,train
5765,sports,940,train
5766,sports,213,train
5767,sports,916,validation
5768,sports,918,train
5769,sports,825,train
5770,sports,439,train
5771,sports,148,train
5772,sports,851,train
5773,sports,114,test
5774,sports,714,validation
5775,sports,577,validation
5776,sports,772,train
5777,business,502,validation
5778,sports,160,train
5779,sports,112,train
5780,sports,848,train
5781,sports,753,train
5782,sports,417,train
5783,sports,999,train
5784,sports,694,train
5785,sports,495,train
5786,sports,838,train
5787,sports,578,train
5788,sports,1051,validation
5789,sports,808,train
5790,politics,575,train
5791,sports,957,test
5792,sports,744,train
5793,sports,744,validation
5794,sports,705,train
5795,business,887,train
5796,sports,468,train
5797,sports,618,train
5798,politics,182,validation
5799,sports,686,train
5800,sports,799,train
5801,business,513,train
5802,sports,860,train
5803,sports,1268,test
5804,sports,590,train
5805,sports,958,train
5806,sports,805,train
5807,sports,972,train
5808,business,808,test
5809,sports,546,train
5810,sports,137,train
5811,sports,593,train
5812,sports,257,train
5813,sports,800,train
5814,sports,474,train
5815,sports,836,validation
5816,sports,1064,train
5817,politics,501,validation
5818,sports,705,train
5819,business,698,train
5820,sports,898,train
5821,politics,707,validation
5822,politics,735,train
5823,politics,896,train
5824,sports,776,train
5825,sports,954,test
5826,sports,833,train
5827,politics,713,train
5828,business,503,train
5829,politics,998,train
5830,politics,701,train
5831,business,524,train
5832,business,384,train
5833,sports,903,train
5834,sports,856,train
5835,sports,693,train
5836,sports,721,train
5837,sports,931,train
5838,sports,720,validation
5839,politics,1084,train
5840,business,920,train
5841,sports,1032,train
5842,business,813,train
5843,sports,944,test
5844,sports,721,train
5845,sports,322,train
5846,sports,731,train
5847,sports,882,test
5848,sports,474,train
5849,sports,648,train
5850,sports,592,train
5851,sports,814,train
5852,politics,692,train
5853,politics,799,train
5854,politics,690,train
5855,sports,648,train
5856,sports,753,train
5857,politics,606,train
5858,sports,699,train
5859,sports,614,train
5860,sports,813,train
5861,sports,738,train
5862,sports,797,train
5863,business,632,train
5864,sports,817,train
5865,sports,957,train
5866,politics,733,train
5867,politics,970,train
5868,sports,733,train
5869,politics,815,train
5870,sports,885,train
5871,business,396,train
5872,sports,1080,train
5873,sports,904,train
5874,sports,697,train
5875,politics,704,validation
5876,sports,621,train
5877,sports,261,train
5878,sports,232,train
5879,sports,625,train
5880,politics,204,train
5881,sports,629,test
5882,sports,239,train
5883,sports,1025,train
5884,sports,1456,train
5885,sports,918,train
5886,sports,441,train
5887,sports,735,train
5888,sports,593,validation
5889,politics,784,train
5890,politics,654,train
5891,sports,145,validation
5892,sports,861,test
5893,business,934,train
5894,sports,652,train
5895,sports,274,train
5896,sports,731,train
5897,sports,156,test
5898,sports,686,train
5899,sports,934,test
5900,sports,544,train
5901,sports,769,train
5902,sports,558,train
5903,sports,944,train
5904,politics,1043,train
5905,business,934,train
5906,business,719,train
5907,politics,529,train
5908,politics,676,train
5909,sports,672,train
5910,sports,1103,train
5911,sports,475,train
5912,sports,832,test
5913,politics,808,train
5914,sports,515,train
5915,sports,937,train
5916,politics,401,train
5917,sports,971,train
5918,sports,826,train
5919,business,314,test
5920,politics,550,train
5921,sports,713,train
5922,business,733,train
5923,sports,736,train
5924,sports,929,test
5925,sports,747,train
5926,politics,919,train
5927,politics,1187,train
5928,sports,788,train
5929,sports,753,train
5930,business,822,train
5931,sports,338,train
5932,sports,650,validation
5933,sports,832,train
5934,sports,286,train
5935,sports,941,test
5936,sports,767,train
5937,sports,508,train
5938,sports,714,validation
5939,politics,722,train
5940,sports,989,train
5941,politics,673,train
5942,sports,782,train
5943,sports,572,validation
5944,sports,758,train
5945,business,706,test
5946,sports,567,train
5947,politics,523,train
5948,sports,791,train
5949,sports,626,train
5950,politics,826,train
5951,business,516,test
5952,sports,920,train
5953,business,677,train
5954,business,658,validation
5955,business,650,train
5956,politics,868,train
5957,business,776,train
5958,sports,830,train
5959,sports,659,train
5960,sports,738,train
5961,sports,724,validation
5962,sports,143,train
5963,sports,467,train
5964,business,895,test
5965,sports,433,train
5966,sports,858,train
5967,sports,810,train
5968,sports,586,train
5969,sports,762,test
5970,sports,680,validation
5971,sports,641,train
5972,sports,519,train
5973,sports,855,train
5974,business,297,train
5975,sports,612,train
5976,sports,914,train
5977,sports,671,test
5978,sports,922,train
5979,sports,577,train
5980,sports,755,train
5981,business,530,train
5982,politics,1054,train
5983,politics,980,train
5984,business,290,train
5985,sports,808,train
5986,business,270,test
5987,sports,981,test
5988,politics,677,train
5989,sports,682,train
5990,sports,1080,test
5991,business,946,validation
5992,business,946,train
5993,sports,1285,train
5994,sports,1027,train
5995,sports,56,train
5996,politics,686,train
5997,sports,945,train
5998,sports,777,train
5999,politics,852,train
6000,business,492,train
6001,politics,670,train
6002,sports,727,train
6003,sports,783,train
6004,politics,648,train
6005,politics,939,train
6006,sports,1013,train
6007,sports,813,train
6008,business,386,train
6009,sports,481,train
6010,sports,845,validation
6011,politics,768,train
6012,politics,719,train
6013,sports,798,train
6014,sports,794,train
6015,sports,631,train
6016,sports,959,train
6017,sports,766,train
6018,politics,887,train
6019,sports,124,test
6020,sports,548,test
6021,sports,818,test
6022,sports,858,validation
6023,sports,807,train
6024,sports,1038,train
6025,politics,882,validation
6026,business,314,train
6027,sports,719,train
6028,sports,797,train
6029,sports,337,train
6030,sports,569,train
6031,politics,498,train
6032,sports,554,train
6033,sports,837,train
6034,sports,845,train
6035,business,487,train
6036,sports,128,train
6037,sports,632,test
6038,sports,383,test
6039,sports,773,train
6040,sports,916,train
6041,sports,730,train
6042,business,845,train
6043,sports,724,validation
6044,business,385,train
6045,sports,379,validation
6046,sports,1217,train
6047,sports,746,train
6048,politics,701,train
6049,sports,807,train
6050,sports,985,train
6051,sports,710,train
6052,sports,889,train
6053,sports,755,train
6054,business,628,train
6055,sports,839,train
6056,business,1167,train
6057,business,935,validation
6058,sports,125,train
6059,sports,528,train
6060,sports,585,train
6061,sports,987,train
6062,sports,803,train
6063,sports,782,train
6064,sports,964,train
6065,business,207,train
6066,sports,575,train
6067,sports,1016,train
6068,sports,902,train
6069,sports,133,validation
6070,sports,682,train
6071,sports,852,train
6072,sports,197,train
6073,politics,1151,train
6074,sports,500,train
6075,sports,611,validation
6076,politics,826,train
6077,politics,603,train
6078,sports,681,train
6079,business,847,train
6080,sports,1054,train
6081,politics,696,train
6082,sports,840,train
6083,politics,508,train
6084,politics,817,train
6085,sports,649,train
6086,politics,723,train
6087,sports,206,train
6088,sports,688,train
6089,sports,129,train
6090,politics,689,train
6091,sports,649,validation
6092,business,384,train
6093,sports,833,train
6094,sports,701,train
6095,politics,865,train
6096,sports,783,train
6097,sports,713,train
6098,sports,1127,train
6099,sports,1018,train
6100,sports,245,train
6101,politics,226,train
6102,sports,710,validation
6103,sports,829,train
6104,politics,638,train
6105,sports,960,train
6106,sports,763,train
6107,sports,850,train
6108,sports,668,train
6109,sports,433,validation
6110,sports,890,train
6111,politics,760,train
6112,politics,797,train
6113,business,1000,train
6114,sports,574,train
6115,sports,497,train
6116,sports,638,validation
6117,sports,820,validation
6118,politics,851,train
6119,sports,837,validation
6120,sports,956,train
6121,sports,784,test
6122,politics,676,train
6123,sports,646,train
6124,sports,888,test
6125,sports,715,test
6126,sports,824,validation
6127,politics,703,train
6128,sports,985,test
6129,sports,971,train
6130,sports,979,train
6131,sports,606,test
6132,sports,766,train
6133,sports,526,train
6134,sports,550,train
6135,sports,463,train
6136,sports,918,test
6137,sports,497,validation
6138,sports,818,train
6139,sports,881,train
6140,sports,800,train
6141,sports,138,train
6142,politics,718,train
6143,sports,715,validation
6144,sports,637,train
6145,sports,362,train
6146,sports,578,train
6147,sports,1102,train
6148,politics,666,train
6149,business,507,train
6150,politics,686,train
6151,sports,954,test
6152,sports,922,validation
6153,sports,1024,train
6154,sports,376,test
6155,sports,559,train
6156,sports,427,train
6157,sports,388,train
6158,sports,892,train
6159,sports,116,train
6160,sports,124,train
6161,sports,130,train
6162,sports,475,train
6163,sports,818,train
6164,sports,807,train
6165,sports,606,train
6166,sports,1000,train
6167,sports,742,test
6168,sports,735,validation
6169,sports,1036,train
6170,sports,497,train
6171,politics,942,train
6172,sports,692,train
6173,politics,728,train
6174,sports,134,train
6175,politics,618,train
6176,sports,1060,train
6177,politics,274,train
6178,sports,1056,test
6179,sports,831,train
6180,sports,717,test
6181,sports,896,train
6182,sports,939,train
6183,sports,1210,train
6184,sports,1052,train
6185,sports,1151,train
6186,politics,726,train
6187,politics,1048,train
6188,politics,394,train
6189,sports,549,train
6190,sports,762,train
6191,sports,253,train
6192,politics,722,train
6193,politics,912,train
6194,business,522,validation
6195,business,845,train
6196,sports,770,train
6197,sports,788,train
6198,politics,910,train
6199,politics,719,train
6200,business,753,train
6201,politics,708,train
6202,sports,896,train
6203,sports,557,test
6204,business,299,train
6205,business,686,train
6206,politics,763,train
6207,sports,933,train
6208,sports,991,test
6209,sports,777,test
6210,business,757,train
6211,politics,589,train
6212,sports,767,train
6213,sports,920,train
6214,politics,516,train
6215,sports,669,test
6216,sports,789,train
6217,sports,783,train
6218,sports,433,train
6219,politics,566,test
6220,business,517,train
6221,sports,732,train
6222,sports,148,train
6223,business,198,train
6224,sports,866,train
6225,sports,724,train
6226,sports,744,train
6227,politics,879,train
6228,sports,799,train
6229,sports,349,validation
6230,sports,789,validation
6231,sports,521,train
6232,sports,818,train
6233,politics,738,train
6234,business,624,train
6235,sports,518,train
6236,sports,954,train
6237,sports,240,train
6238,business,747,train
6239,business,723,test
6240,sports,571,train
6241,sports,622,train
6242,sports,630,train
6243,sports,143,train
6244,sports,146,train
6245,sports,882,test
6246,sports,164,train
6247,politics,382,test
6248,politics,511,train
6249,politics,718,train
6250,business,400,train
6251,sports,839,test
6252,sports,1393,train
6253,sports,621,validation
6254,politics,478,train
6255,sports,195,test
6256,sports,492,train
6257,sports,814,test
6258,politics,783,train
6259,business,960,train
6260,sports,507,train
6261,sports,645,train
6262,sports,688,train
6263,sports,621,train
6264,business,737,train
6265,business,267,validation
6266,business,284,train
6267,politics,919,train
6268,sports,856,train
6269,sports,839,train
6270,business,918,train
6271,politics,1220,train
6272,sports,903,train
6273,sports,348,train
6274,sports,935,train
6275,politics,773,train
6276,politics,621,train
6277,sports,462,train
6278,sports,474,test
6279,sports,787,train
6280,politics,569,train
6281,sports,903,train
6282,sports,685,validation
6283,sports,117,validation
6284,sports,635,train
6285,sports,319,train
6286,politics,1300,train
6287,politics,657,train
6288,politics,713,validation
6289,politics,1037,train
6290,sports,281,validation
6291,sports,985,train
6292,sports,360,train
6293,business,676,train
6294,business,565,train
6295,sports,148,train
6296,sports,826,train
6297,sports,438,test
6298,politics,127,test
6299,sports,815,train
6300,sports,849,train
6301,sports,610,train
6302,business,673,test
6303,sports,560,train
6304,sports,688,train
6305,sports,592,train
6306,sports,621,validation
6307,sports,495,train
6308,sports,568,validation
6309,sports,823,train
6310,sports,510,validation
6311,sports,726,test
6312,sports,1019,train
6313,sports,510,train
6314,sports,768,train
6315,politics,772,validation
6316,business,540,train
6317,politics,736,train
6318,sports,706,test
6319,sports,486,train
6320,sports,795,train
6321,sports,881,train
6322,politics,455,train
6323,sports,756,train
6324,politics,687,validation
6325,sports,808,test
6326,sports,547,train
6327,sports,1170,train
6328,sports,447,train
6329,politics,683,train
6330,politics,512,train
6331,sports,831,train
6332,politics,673,train
6333,business,710,train
6334,business,395,train
6335,sports,672,train
6336,politics,954,validation
6337,sports,734,validation
6338,sports,388,train
6339,sports,770,train
6340,sports,977,train
6341,sports,991,train
6342,sports,539,train
6343,sports,469,train
6344,sports,682,train
6345,sports,928,test
6346,sports,537,train
6347,sports,220,train
6348,sports,893,train
6349,sports,813,train
6350,sports,886,train
6351,business,643,train
6352,sports,974,train
6353,politics,683,validation
6354,business,691,train
6355,business,79,train
6356,politics,739,train
6357,sports,641,train
6358,sports,930,train
6359,sports,882,train
6360,business,361,train
6361,sports,874,train
6362,business,391,train
6363,politics,594,validation
6364,sports,989,train
6365,sports,680,train
6366,politics,1077,train
6367,sports,445,train
6368,politics,701,train
6369,sports,681,train
6370,sports,836,train
6371,sports,921,train
6372,sports,918,validation
6373,sports,299,train
6374,business,160,train
6375,sports,270,train
6376,sports,814,train
6377,sports,554,train
6378,politics,1016,train
6379,sports,673,train
6380,sports,567,train
6381,sports,455,train
6382,sports,779,train
6383,sports,495,train
6384,politics,654,validation
6385,sports,860,train
6386,sports,696,train
6387,politics,840,test
6388,sports,672,train
6389,sports,732,train
6390,sports,1063,train
6391,sports,511,train
6392,sports,370,train
6393,sports,888,train
6394,business,779,train
6395,business,435,train
6396,sports,701,train
6397,sports,502,test
6398,sports,902,test
6399,sports,803,train
6400,politics,755,train
6401,politics,1058,train
6402,sports,961,train
6403,business,879,train
6404,sports,987,train
6405,sports,690,train
6406,sports,451,train
6407,business,739,train
6408,sports,617,train
6409,sports,502,train
6410,sports,1042,train
6411,sports,638,train
6412,business,594,validation
6413,business,347,train
6414,sports,159,train
6415,politics,766,train
6416,politics,826,train
6417,sports,679,train
6418,sports,749,train
6419,sports,707,test
6420,sports,393,validation
6421,sports,323,train
6422,business,632,validation
6423,sports,1261,validation
6424,sports,722,validation
6425,sports,445,train
6426,sports,470,train
6427,sports,698,train
6428,sports,253,train
6429,sports,654,train
6430,sports,804,train
6431,sports,555,train
6432,business,679,train
6433,sports,520,train
6434,sports,738,train
6435,sports,514,train
6436,politics,779,test
6437,sports,404,train
6438,sports,363,train
6439,sports,673,train
6440,sports,835,train
6441,sports,244,test
6442,sports,1003,train
6443,sports,613,test
6444,sports,816,train
6445,sports,750,train
6446,sports,1709,train
6447,sports,794,train
6448,sports,492,train
6449,sports,574,train
6450,sports,611,train
6451,sports,406,train
6452,sports,587,train
6453,sports,703,train
6454,sports,356,train
6455,sports,892,train
6456,politics,754,train
6457,business,562,train
6458,sports,835,test
6459,sports,130,train
6460,sports,183,train
6461,sports,827,train
6462,sports,774,train
6463,sports,741,train
6464,politics,720,train
6465,business,796,train
6466,politics,563,train
6467,sports,485,train
6468,sports,706,train
6469,sports,134,train
6470,sports,857,test
6471,business,617,validation
6472,business,107,train
6473,sports,386,train
6474,business,640,train
6475,politics,843,train
6476,sports,885,train
6477,politics,736,train
6478,business,590,test
6479,politics,827,test
6480,sports,569,train
6481,sports,410,train
6482,sports,868,train
6483,politics,671,train
6484,sports,105,train
6485,sports,195,train
6486,sports,527,train
6487,sports,738,train
6488,sports,506,train
6489,sports,928,train
6490,politics,268,train
6491,business,420,train
6492,politics,724,train
6493,politics,758,train
6494,politics,814,test
6495,sports,998,train
6496,business,563,train
6497,sports,847,train
6498,politics,610,train
6499,business,668,train
6500,sports,871,train
6501,sports,955,test
6502,politics,756,train
6503,politics,692,train
6504,sports,707,train
6505,business,703,train
6506,sports,1294,train
6507,sports,525,train
6508,sports,1019,validation
6509,sports,1034,test
6510,sports,986,train
6511,sports,564,train
6512,politics,463,train
6513,sports,784,train
6514,politics,618,validation
6515,sports,427,train
6516,sports,750,train
6517,sports,461,train
6518,sports,865,train
6519,sports,1023,train
6520,sports,895,train
6521,sports,969,train
6522,politics,476,validation
6523,sports,846,validation
6524,sports,684,train
6525,sports,1000,train
6526,business,723,train
6527,sports,591,test
6528,sports,820,train
6529,sports,885,train
6530,sports,626,train
6531,business,715,train
6532,politics,673,train
6533,sports,129,test
6534,sports,649,train
6535,sports,814,validation
6536,sports,628,train
6537,sports,578,test
6538,sports,956,train
6539,sports,858,train
6540,sports,750,train
6541,sports,582,test
6542,sports,851,train
6543,business,796,validation
6544,sports,915,test
6545,politics,578,validation
6546,sports,707,test
6547,sports,904,train
6548,sports,801,train
6549,politics,662,train
6550,sports,134,train
6551,sports,690,train
6552,sports,651,train
6553,sports,708,train
6554,sports,1104,train
6555,sports,149,train
6556,sports,125,train
6557,politics,319,test
6558,sports,740,validation
6559,sports,998,train
6560,sports,1130,validation
6561,sports,107,train
6562,sports,163,train
6563,sports,520,train
6564,sports,353,train
6565,sports,494,train
6566,sports,103,test
6567,sports,529,train
6568,sports,470,train
6569,sports,580,validation
6570,sports,296,test
6571,sports,351,train
6572,sports,524,test
6573,sports,678,train
6574,politics,1128,train
6575,sports,813,train
6576,sports,810,train
6577,sports,1450,train
6578,sports,833,train
6579,sports,762,validation
6580,sports,582,train
6581,sports,659,train
6582,sports,594,test
6583,sports,795,train
6584,sports,661,train
6585,business,163,test
6586,politics,663,train
6587,sports,948,train
6588,sports,147,train
6589,sports,753,train
6590,politics,927,validation
6591,sports,156,train
6592,sports,249,test
6593,sports,323,validation
6594,sports,775,train
6595,business,566,train
6596,business,477,train
6597,sports,375,train
6598,sports,806,test
6599,sports,580,train
6600,sports,433,train
6601,politics,631,train
6602,politics,339,train
6603,business,780,train
6604,sports,555,train
6605,sports,791,train
6606,business,914,train
6607,sports,702,train
6608,sports,945,train
6609,sports,678,validation
6610,sports,719,train
6611,sports,902,train
6612,sports,577,validation
6613,sports,787,validation
6614,sports,942,validation
6615,sports,679,train
6616,politics,760,train
6617,business,891,train
6618,politics,517,test
6619,sports,402,test
6620,sports,402,train
6621,sports,800,train
6622,politics,399,train
6623,sports,747,train
6624,sports,802,validation
6625,sports,850,train
6626,sports,738,train
6627,sports,855,train
6628,sports,290,train
6629,politics,663,train
6630,sports,658,train
6631,sports,836,train
6632,sports,873,train
6633,sports,819,train
6634,business,970,validation
6635,sports,464,train
6636,sports,629,train
6637,sports,591,train
6638,sports,933,train
6639,sports,477,train
6640,sports,114,train
6641,sports,402,train
6642,sports,536,validation
6643,sports,673,train
6644,sports,1006,train
6645,business,811,test
6646,sports,358,train
6647,sports,1223,train
6648,sports,783,train
6649,sports,588,train
6650,sports,701,train
6651,sports,252,train
6652,business,612,train
6653,sports,610,train
6654,politics,540,train
6655,business,775,test
6656,politics,670,train
6657,sports,684,train
6658,sports,1072,train
6659,politics,694,train
6660,politics,478,train
6661,sports,960,train
6662,sports,857,test
6663,sports,974,train
6664,sports,1102,test
6665,politics,1047,train
6666,business,985,train
6667,sports,421,train
6668,sports,98,validation
6669,sports,896,test
6670,sports,965,train
6671,sports,302,train
6672,politics,886,train
6673,sports,746,validation
6674,sports,955,train
6675,business,316,train
6676,sports,257,validation
6677,sports,914,train
6678,business,687,validation
6679,sports,638,train
6680,sports,801,train
6681,politics,748,train
6682,sports,740,train
6683,sports,760,train
6684,politics,652,validation
6685,sports,308,train
6686,politics,1230,train
6687,sports,706,test
6688,business,615,train
6689,sports,385,train
6690,business,337,train
6691,sports,705,train
6692,sports,840,train
6693,sports,823,train
6694,sports,128,validation
6695,sports,441,train
6696,sports,526,train
6697,sports,895,train
6698,sports,526,validation
6699,sports,489,train
6700,sports,125,train
6701,sports,456,train
6702,sports,946,train
6703,politics,449,train
6704,sports,824,train
6705,sports,592,test
6706,sports,962,train
6707,politics,709,train
6708,sports,716,train
6709,politics,909,train
6710,politics,744,test
6711,sports,640,train
6712,politics,797,train
6713,business,650,train
6714,sports,1196,train
6715,sports,564,train
6716,sports,425,test
6717,sports,626,train
6718,sports,713,train
6719,sports,716,train
6720,sports,815,train
6721,sports,945,train
6722,sports,911,train
6723,politics,729,train
6724,sports,700,train
6725,sports,722,train
6726,sports,612,train
6727,politics,689,train
6728,politics,695,train
6729,politics,710,train
6730,sports,540,validation
6731,politics,1009,train
6732,business,555,train
6733,business,830,train
6734,business,830,train
6735,politics,715,train
6736,politics,308,validation
6737,sports,144,validation
6738,politics,556,train
6739,sports,928,train
6740,sports,740,train
6741,sports,874,validation
6742,sports,141,train
6743,sports,804,train
6744,sports,483,train
6745,sports,617,validation
6746,politics,900,validation
6747,sports,960,train
6748,sports,290,train
6749,sports,765,train
6750,sports,667,train
6751,sports,519,train
6752,sports,686,train
6753,sports,802,train
6754,sports,806,train
6755,business,709,train
6756,sports,295,validation
6757,sports,139,validation
6758,sports,291,train
6759,business,299,test
6760,sports,585,train
6761,sports,420,train
6762,business,483,train
6763,sports,615,train
6764,sports,128,validation
6765,sports,996,train
6766,sports,223,test
6767,sports,913,train
6768,sports,684,train
6769,sports,948,train
6770,sports,987,train
6771,sports,590,train
6772,business,476,train
6773,politics,772,train
6774,business,104,train
6775,sports,340,train
6776,sports,801,train
6777,sports,813,train
6778,sports,739,test
6779,sports,567,train
6780,sports,86,train
6781,sports,640,train
6782,politics,694,train
6783,business,357,train
6784,sports,834,train
6785,sports,771,train
6786,sports,414,train
6787,sports,473,validation
6788,sports,313,train
6789,sports,756,train
6790,politics,879,train
6791,politics,902,train
6792,sports,585,train
6793,politics,917,train
6794,politics,820,train
6795,sports,799,train
6796,politics,763,train
6797,sports,706,test
6798,politics,906,train
6799,sports,635,validation
6800,politics,966,test
6801,sports,144,train
6802,business,441,validation
6803,sports,719,train
6804,sports,338,train
6805,sports,479,train
6806,sports,127,train
6807,sports,394,train
6808,sports,618,train
6809,sports,934,train
6810,sports,846,test
6811,business,780,test
6812,sports,727,train
6813,politics,704,train
6814,sports,491,train
6815,sports,129,train
6816,sports,853,train
6817,sports,530,train
6818,sports,241,validation
6819,sports,849,train
6820,politics,713,train
6821,sports,323,test
6822,sports,799,train
6823,sports,391,train
6824,sports,635,train
6825,sports,614,train
6826,sports,776,validation
6827,sports,813,train
6828,sports,268,train
6829,business,313,train
6830,politics,701,train
6831,politics,830,train
6832,politics,533,train
6833,sports,667,train
6834,sports,1076,validation
6835,sports,716,train
6836,sports,812,test
6837,sports,716,train
6838,sports,859,train
6839,sports,617,test
6840,politics,857,train
6841,sports,815,train
6842,sports,455,train
6843,sports,677,validation
6844,sports,1125,train
6845,sports,579,train
6846,sports,693,train
6847,politics,776,test
6848,business,383,train
6849,business,667,train
6850,politics,795,train
6851,politics,795,validation
6852,sports,785,train
6853,sports,142,train
6854,sports,800,test
6855,sports,708,train
6856,sports,458,train
6857,sports,808,train
6858,sports,771,train
6859,sports,914,train
6860,sports,527,test
6861,sports,323,train
6862,sports,903,train
6863,politics,862,train
6864,sports,742,train
6865,sports,710,train
6866,sports,174,train
6867,sports,669,validation
6868,sports,702,test
6869,sports,971,train
6870,business,664,train
6871,business,486,train
6872,sports,766,validation
6873,business,914,train
6874,politics,1097,train
6875,sports,698,train
6876,politics,131,train
6877,sports,568,train
6878,business,683,train
6879,sports,160,train
6880,sports,368,train
6881,business,605,train
6882,sports,387,train
6883,sports,877,train
6884,politics,686,train
6885,sports,1095,test
6886,politics,907,train
6887,politics,619,train
6888,politics,619,train
6889,business,835,train
6890,sports,974,train
6891,sports,733,train
6892,business,513,train
6893,sports,1021,train
6894,sports,864,train
6895,sports,832,train
6896,sports,572,train
6897,business,597,train
6898,politics,613,train
6899,sports,599,train
6900,sports,731,train
6901,sports,1117,test
6902,business,851,train
6903,politics,739,train
6904,politics,715,train
6905,business,546,train
6906,sports,508,train
6907,sports,191,train
6908,sports,744,train
6909,sports,648,validation
6910,sports,822,train
6911,sports,133,test
6912,sports,595,train
6913,sports,883,train
6914,sports,647,train
6915,sports,737,train
6916,sports,687,train
6917,politics,507,validation
6918,sports,871,train
6919,business,257,train
6920,politics,695,validation
6921,politics,535,train
6922,sports,456,train
6923,sports,787,train
6924,sports,816,train
6925,sports,245,validation
6926,sports,443,validation
6927,politics,498,train
6928,sports,170,train
6929,sports,517,train
6930,sports,906,test
6931,sports,883,train
6932,sports,896,train
6933,sports,607,train
6934,sports,834,train
6935,sports,645,train
6936,sports,564,train
6937,business,941,train
6938,sports,1046,validation
6939,politics,714,test
6940,sports,876,train
6941,politics,225,test
6942,sports,875,train
6943,sports,533,train
6944,sports,760,train
6945,sports,802,train
6946,politics,356,train
6947,sports,464,train
6948,sports,824,train
6949,politics,961,train
6950,politics,961,train
6951,sports,306,train
6952,sports,956,train
6953,sports,535,train
6954,sports,268,test
6955,business,629,test
6956,business,834,train
6957,politics,904,validation
6958,sports,1051,test
6959,sports,1011,test
6960,sports,133,train
6961,sports,533,train
6962,sports,448,train
6963,sports,511,train
6964,sports,103,validation
6965,business,596,train
6966,politics,715,train
6967,business,819,train
6968,sports,606,train
6969,sports,562,train
6970,sports,737,train
6971,sports,642,train
6972,politics,654,train
6973,politics,744,train
6974,sports,650,test
6975,sports,166,train
6976,business,767,train
6977,sports,435,train
6978,sports,718,train
6979,politics,783,train
6980,sports,122,train
6981,politics,605,train
6982,sports,231,validation
6983,business,686,train
6984,sports,889,train
6985,sports,329,test
6986,politics,455,validation
6987,sports,403,train
6988,sports,511,train
6989,sports,776,train
6990,sports,547,train
6991,sports,103,train
6992,sports,507,train
6993,sports,1053,train
6994,sports,583,train
6995,business,1086,train
6996,sports,971,train
6997,sports,636,train
6998,sports,961,train
6999,business,714,train
7000,politics,415,train
7001,politics,464,train
7002,sports,145,train
7003,sports,140,train
7004,sports,141,train
7005,sports,318,train
7006,sports,347,test
7007,sports,828,train
7008,sports,571,train
7009,politics,959,train
7010,sports,407,train
7011,sports,420,train
7012,sports,673,train
7013,sports,906,train
7014,sports,431,validation
7015,sports,801,train
7016,sports,391,validation
7017,politics,1075,train
7018,sports,683,train
7019,politics,689,train
7020,sports,878,test
7021,sports,137,train
7022,sports,620,train
7023,sports,712,train
7024,sports,461,train
7025,sports,921,train
7026,sports,513,train
7027,sports,970,train
7028,sports,777,train
7029,business,617,train
7030,sports,156,train
7031,sports,859,train
7032,sports,1001,train
7033,sports,972,train
7034,sports,798,train
7035,politics,382,train
7036,sports,566,train
7037,politics,608,train
7038,sports,757,train
7039,sports,607,train
7040,sports,893,train
7041,sports,1182,train
7042,sports,123,train
7043,sports,904,test
7044,sports,914,train
7045,sports,1068,train
7046,politics,632,train
7047,politics,914,validation
7048,sports,727,test
7049,sports,970,train
7050,sports,690,train
7051,sports,304,train
7052,sports,892,train
7053,sports,550,train
7054,sports,734,train
7055,sports,527,train
7056,sports,707,train
7057,business,1124,train
7058,sports,753,train
7059,sports,572,train
7060,sports,767,train
7061,sports,770,train
7062,sports,726,train
7063,sports,978,validation
7064,sports,642,train
7065,sports,725,train
7066,sports,996,train
7067,sports,901,train
7068,sports,114,test
7069,sports,530,train
7070,sports,871,train
7071,sports,841,train
7072,sports,786,train
7073,sports,812,train
7074,politics,646,validation
7075,sports,875,train
7076,sports,993,train
7077,sports,255,train
7078,sports,761,train
7079,politics,701,train
7080,sports,1131,train
7081,sports,1000,train
7082,sports,1008,train
7083,politics,742,train
7084,sports,761,train
7085,sports,872,train
7086,sports,944,train
7087,politics,696,train
7088,sports,724,test
7089,politics,664,train
7090,politics,703,train
7091,business,169,train
7092,politics,743,train
7093,sports,378,train
7094,sports,641,test
7095,sports,1052,train
7096,politics,856,train
7097,sports,934,train
7098,politics,723,test
7099,politics,685,test
7100,politics,818,train
7101,sports,940,train
7102,sports,248,train
7103,sports,137,train
7104,sports,1316,train
7105,sports,487,train
7106,sports,250,validation
7107,sports,447,train
7108,politics,742,train
7109,politics,832,train
7110,sports,722,train
7111,politics,742,train
7112,sports,895,train
7113,sports,768,train
7114,sports,925,train
7115,business,446,train
7116,sports,298,train
7117,sports,110,train
7118,sports,573,train
7119,politics,386,train
7120,sports,602,train
7121,politics,886,train
7122,politics,886,train
7123,politics,796,train
7124,sports,163,train
7125,sports,559,test
7126,sports,913,test
7127,sports,835,train
7128,business,1090,train
7129,sports,739,train
7130,sports,711,train
7131,sports,590,train
7132,politics,1082,train
7133,sports,981,train
7134,politics,709,train
7135,politics,680,train
7136,sports,329,train
7137,sports,1122,validation
7138,sports,868,train
7139,sports,841,train
7140,sports,256,train
7141,sports,1264,train
7142,sports,408,train
7143,politics,314,train
7144,sports,683,train
7145,sports,735,train
7146,business,457,train
7147,business,302,train
7148,sports,917,train
7149,sports,1087,train
7150,sports,498,train
7151,business,239,validation
7152,sports,903,validation
7153,sports,412,train
7154,sports,303,train
7155,politics,673,train
7156,sports,783,train
7157,sports,1006,train
7158,sports,419,train
7159,sports,800,train
7160,sports,329,train
7161,sports,580,train
7162,sports,478,test
7163,politics,422,train
7164,sports,414,train
7165,sports,692,train
7166,sports,746,train
7167,sports,125,train
7168,sports,408,train
7169,politics,836,train
7170,sports,465,train
7171,sports,991,train
7172,sports,856,train
7173,business,674,validation
7174,sports,785,train
7175,politics,402,train
7176,sports,792,validation
7177,sports,832,train
7178,sports,1252,train
7179,sports,722,train
7180,sports,458,train
7181,sports,687,test
7182,sports,120,test
7183,sports,696,train
7184,politics,984,train
7185,sports,507,train
7186,sports,587,train
7187,sports,417,train
7188,sports,541,train
7189,sports,888,train
7190,sports,901,train
7191,sports,927,train
7192,sports,485,train
7193,sports,783,train
7194,business,406,train
7195,sports,863,train
7196,sports,373,train
7197,politics,640,train
7198,sports,421,validation
7199,sports,945,train
7200,sports,359,train
7201,politics,729,train
7202,politics,932,train
7203,sports,892,train
7204,sports,895,train
7205,business,271,train
7206,sports,448,train
7207,business,449,train
7208,sports,123,train
7209,sports,768,validation
7210,politics,594,train
7211,sports,879,train
7212,politics,744,train
7213,business,551,train
7214,sports,662,train
7215,politics,490,test
7216,sports,532,test
7217,sports,566,train
7218,sports,785,train
7219,sports,115,train
7220,sports,782,validation
7221,sports,763,train
7222,politics,963,validation
7223,business,230,train
7224,business,763,train
7225,sports,917,train
7226,sports,975,train
7227,sports,508,train
7228,sports,441,test
7229,sports,705,test
7230,sports,1026,validation
7231,sports,117,validation
7232,sports,549,train
7233,politics,992,train
7234,sports,861,train
7235,business,359,train
7236,business,265,train
7237,sports,562,train
7238,sports,841,train
7239,business,957,train
7240,sports,778,train
7241,sports,416,test
7242,sports,846,train
7243,sports,737,train
7244,politics,685,train
7245,politics,685,train
7246,politics,1064,train
7247,sports,1080,train
7248,sports,740,train
7249,sports,863,train
7250,sports,128,train
7251,sports,672,train
7252,sports,1218,train
7253,sports,551,test
7254,sports,482,train
7255,politics,772,train
7256,sports,352,train
7257,politics,775,test
7258,sports,590,test
7259,sports,664,train
7260,sports,428,train
7261,sports,855,train
7262,sports,588,train
7263,sports,854,train
7264,sports,746,train
7265,sports,775,train
7266,sports,1085,train
7267,sports,325,train
7268,sports,752,train
7269,politics,705,train
7270,business,811,train
7271,sports,726,train
7272,sports,409,train
7273,sports,877,validation
7274,sports,825,train
7275,sports,984,train
7276,sports,500,train
7277,politics,672,train
7278,sports,390,train
7279,sports,1049,train
7280,politics,684,train
7281,business,609,train
7282,sports,571,validation
7283,sports,444,train
7284,sports,486,train
7285,sports,823,test
7286,sports,954,train
7287,business,342,train
7288,sports,798,train
7289,sports,133,validation
7290,politics,428,train
7291,business,736,train
7292,business,810,train
7293,politics,845,train
7294,business,436,train
7295,sports,801,train
7296,politics,794,train
7297,sports,760,train
7298,politics,217,train
7299,politics,298,train
7300,sports,394,train
7301,sports,961,train
7302,sports,662,train
7303,business,878,train
7304,sports,1007,train
7305,sports,704,train
7306,sports,394,train
7307,politics,438,train
7308,sports,476,test
7309,sports,921,test
7310,sports,761,train
7311,politics,463,validation
7312,business,659,train
7313,politics,1016,train
7314,politics,778,train
7315,business,640,train
7316,politics,1240,validation
7317,sports,814,train
7318,sports,896,train
7319,sports,498,train
7320,sports,735,train
7321,sports,754,train
7322,sports,831,train
7323,sports,463,train
7324,politics,573,train
7325,sports,710,train
7326,politics,631,train
7327,sports,780,train
7328,sports,475,test
7329,sports,356,train
7330,sports,978,train
7331,business,660,train
7332,politics,725,train
7333,sports,694,train
7334,politics,842,train
7335,sports,934,test
7336,politics,716,train
7337,sports,511,train
7338,sports,695,train
7339,sports,386,train
7340,sports,916,train
7341,sports,683,train
7342,sports,878,train
7343,sports,420,validation
7344,sports,139,train
7345,sports,1270,train
7346,sports,454,validation
7347,sports,135,train
7348,sports,519,validation
7349,sports,769,train
7350,sports,950,train
7351,sports,652,validation
7352,sports,842,train
7353,sports,169,validation
7354,politics,585,train
7355,business,870,train
7356,sports,823,validation
7357,politics,514,train
7358,business,945,train
7359,business,1052,validation
7360,business,333,train
7361,sports,184,train
7362,sports,886,validation
7363,politics,1159,train
7364,politics,779,train
7365,sports,290,train
7366,business,349,train
7367,sports,586,train
7368,sports,1015,train
7369,sports,991,train
7370,sports,1048,train
7371,sports,431,train
7372,sports,550,test
7373,sports,748,train
7374,sports,693,train
7375,business,982,validation
7376,politics,470,test
7377,business,789,validation
7378,sports,690,train
7379,sports,856,train
7380,politics,440,train
7381,politics,581,train
7382,sports,596,train
7383,business,846,validation
7384,sports,390,test
7385,sports,330,train
7386,sports,495,train
7387,sports,1031,train
7388,sports,771,train
7389,sports,126,train
7390,sports,754,train
7391,sports,708,train
7392,sports,843,train
7393,sports,134,test
7394,sports,972,train
7395,sports,897,train
7396,sports,459,train
7397,sports,566,train
7398,sports,841,test
7399,sports,832,train
7400,sports,276,validation
7401,sports,1028,train
7402,sports,1709,train
7403,sports,703,test
7404,sports,79,train
7405,sports,155,train
7406,sports,839,validation
7407,sports,867,test
7408,sports,545,train
7409,politics,242,train
7410,sports,650,test
7411,sports,410,train
7412,sports,123,train
7413,sports,632,test
7414,sports,526,test
7415,politics,1191,train
7416,sports,873,train
7417,sports,803,train
7418,sports,916,validation
7419,politics,525,test
7420,sports,571,train
7421,sports,697,train
7422,politics,706,validation
7423,sports,668,train
7424,sports,382,train
7425,politics,664,validation
7426,politics,756,test
7427,sports,494,train
7428,sports,789,train
7429,sports,436,validation
7430,sports,667,train
7431,sports,368,test
7432,sports,464,train
7433,sports,637,train
7434,business,321,validation
7435,sports,981,test
7436,business,604,train
7437,business,894,validation
7438,politics,454,train
7439,politics,663,test
7440,sports,269,train
7441,sports,422,train
7442,politics,599,train
7443,politics,819,train
7444,sports,797,train
7445,sports,1214,train
7446,sports,704,train
7447,sports,425,train
7448,sports,810,train
7449,sports,578,train
7450,sports,896,validation
7451,politics,748,train
7452,sports,277,train
7453,sports,548,train
7454,sports,745,validation
7455,politics,302,test
7456,sports,622,train
7457,business,283,test
7458,politics,643,train
7459,sports,767,train
7460,politics,1152,train
7461,sports,789,train
7462,sports,679,train
7463,politics,642,train
7464,sports,740,train
7465,sports,814,train
7466,sports,466,train
7467,sports,671,train
7468,sports,769,train
7469,sports,708,validation
7470,politics,718,train
7471,sports,872,train
7472,sports,750,train
7473,sports,951,train
7474,business,710,train
7475,politics,679,train
7476,sports,1134,train
7477,sports,1018,train
7478,business,909,train
7479,business,668,train
7480,sports,781,validation
7481,sports,817,validation
7482,politics,364,validation
7483,sports,786,train
7484,sports,340,test
7485,sports,796,train
7486,sports,694,train
7487,sports,762,test
7488,sports,636,train
7489,sports,119,test
7490,sports,565,train
7491,sports,800,train
7492,sports,240,train
7493,politics,575,train
7494,politics,604,train
7495,sports,177,test
7496,politics,784,train
7497,business,304,train
7498,sports,691,train
7499,business,730,train
7500,sports,1015,train
7501,sports,500,validation
7502,sports,567,validation
7503,sports,90,train
7504,sports,361,train
7505,sports,928,test
7506,sports,494,train
7507,sports,633,train
7508,sports,595,train
7509,sports,601,train
7510,sports,930,train
7511,sports,917,train
7512,sports,909,train
7513,sports,115,train
7514,sports,824,train
7515,sports,931,test
7516,sports,794,train
7517,sports,501,train
7518,sports,503,train
7519,sports,653,train
7520,sports,592,train
7521,sports,437,train
7522,sports,373,train
7523,sports,773,train
7524,sports,685,train
7525,politics,546,train
7526,sports,649,train
7527,sports,422,train
7528,sports,108,train
7529,sports,812,train
7530,sports,483,test
7531,sports,792,train
7532,politics,1141,train
7533,sports,89,train
7534,sports,685,train
7535,politics,706,train
7536,sports,4272,train
7537,sports,741,train
7538,sports,344,train
7539,sports,820,test
7540,sports,975,train
7541,sports,876,test
7542,sports,774,train
7543,sports,208,validation
7544,sports,820,train
7545,sports,1105,train
7546,sports,807,train
7547,business,773,train
7548,sports,954,train
7549,sports,820,validation
7550,sports,324,train
7551,sports,859,validation
7552,sports,961,train
7553,sports,733,train
7554,politics,657,train
7555,sports,604,train
7556,sports,1146,train
7557,sports,393,train
7558,business,716,train
7559,politics,758,validation
7560,business,217,train
7561,sports,1072,test
7562,sports,742,test
7563,business,773,train
7564,sports,813,train
7565,sports,136,train
7566,sports,855,train
7567,politics,829,train
7568,sports,791,validation
7569,sports,828,train
7570,sports,809,train
7571,sports,787,validation
7572,sports,829,validation
7573,sports,314,train
7574,sports,541,train
7575,sports,818,train
7576,sports,556,train
7577,sports,930,test
7578,politics,1022,train
7579,sports,1035,train
7580,sports,686,train
7581,business,288,train
7582,politics,1096,train
7583,sports,676,train
7584,sports,80,train
7585,sports,703,train
7586,sports,747,train
7587,sports,696,train
7588,sports,1126,train
7589,sports,651,train
7590,sports,760,train
7591,business,249,train
7592,politics,1110,train
7593,business,392,validation
7594,sports,516,train
7595,business,904,train
7596,business,680,train
7597,sports,250,train
7598,sports,954,train
7599,sports,1116,train
7600,sports,271,train
7601,sports,736,test
7602,politics,756,train
7603,politics,704,train
7604,sports,692,train
7605,sports,207,validation
7606,sports,345,train
7607,sports,191,train
7608,sports,222,validation
7609,sports,526,test
7610,sports,797,validation
7611,sports,681,train
7612,business,282,test
7613,sports,488,train
7614,politics,846,test
7615,sports,713,test
7616,business,692,train
7617,business,655,train
7618,sports,1035,train
7619,sports,553,train
7620,sports,688,train
7621,sports,722,train
7622,sports,805,train
7623,sports,870,train
7624,sports,787,train
7625,sports,956,train
7626,sports,714,validation
7627,politics,1050,train
7628,sports,1012,train
7629,politics,482,validation
7630,politics,453,train
7631,sports,470,train
7632,sports,436,train
7633,sports,768,validation
7634,sports,580,train
7635,sports,970,train
7636,sports,542,train
7637,sports,358,train
7638,politics,762,validation
7639,sports,104,train
7640,sports,243,validation
7641,sports,1094,train
7642,sports,498,train
7643,sports,738,train
7644,sports,517,train
7645,politics,687,train
7646,politics,687,train
7647,sports,1014,train
7648,sports,417,train
7649,sports,626,train
7650,sports,612,train
7651,sports,876,train
7652,sports,720,test
7653,sports,646,validation
7654,politics,592,test
7655,sports,1017,train
7656,sports,888,train
7657,business,1113,train
7658,politics,775,train
7659,sports,490,train
7660,sports,1005,train
7661,politics,892,train
7662,sports,579,train
7663,sports,1041,train
7664,sports,929,train
7665,sports,678,train
7666,sports,739,train
7667,sports,571,train
7668,sports,566,train
7669,sports,672,train
7670,sports,713,train
7671,sports,476,train
7672,sports,410,train
7673,sports,1287,validation
7674,sports,667,train
7675,sports,735,train
7676,sports,879,train
7677,sports,631,train
7678,sports,765,validation
7679,sports,712,test
7680,politics,659,train
7681,politics,795,train
7682,sports,411,train
7683,politics,332,validation
7684,politics,668,train
7685,business,726,train
7686,politics,871,train
7687,sports,694,validation
7688,politics,946,train
7689,sports,500,train
7690,sports,671,train
7691,sports,879,train
7692,business,701,train
7693,politics,1121,train
7694,sports,348,train
7695,sports,491,validation
7696,sports,327,train
7697,sports,414,train
7698,sports,1021,test
7699,sports,743,test
7700,sports,278,validation
7701,sports,267,train
7702,sports,551,train
7703,sports,738,train
7704,sports,738,test
7705,politics,183,train
7706,sports,703,train
7707,business,433,validation
7708,sports,834,train
7709,sports,407,train
7710,sports,569,train
7711,sports,973,train
7712,sports,438,train
7713,sports,450,train
7714,sports,180,validation
7715,sports,589,train
7716,sports,560,train
7717,sports,793,train
7718,sports,729,train
7719,business,1262,train
7720,sports,818,test
7721,politics,370,train
7722,sports,416,train
7723,politics,724,train
7724,business,790,train
7725,politics,782,test
7726,sports,293,test
7727,sports,427,train
7728,sports,140,validation
7729,sports,139,train
7730,sports,816,train
7731,sports,1052,train
7732,sports,734,train
7733,sports,895,train
7734,sports,332,train
7735,sports,714,train
7736,sports,818,validation
7737,sports,681,train
7738,business,469,train
7739,sports,773,train
7740,politics,608,train
7741,sports,478,train
7742,sports,323,train
7743,sports,701,validation
7744,sports,747,train
7745,sports,936,train
7746,sports,808,train
7747,sports,451,test
7748,politics,283,train
7749,sports,290,train
7750,sports,1158,train
7751,sports,1017,train
7752,business,739,train
7753,politics,990,test
7754,sports,871,train
7755,sports,848,test
7756,sports,677,train
7757,sports,818,train
7758,sports,859,validation
7759,sports,747,train
7760,sports,554,train
7761,sports,489,train
7762,sports,789,train
7763,business,362,train
7764,business,776,train
7765,sports,759,train
7766,sports,687,train
7767,sports,809,test
7768,sports,189,train
7769,sports,915,train
7770,sports,814,validation
7771,sports,655,train
7772,sports,729,test
7773,sports,729,train
7774,sports,493,train
7775,sports,888,train
7776,sports,839,train
7777,sports,714,train
7778,politics,659,train
7779,business,928,train
7780,sports,812,train
7781,sports,442,train
7782,sports,965,validation
7783,sports,915,train
7784,sports,479,train
7785,politics,544,test
7786,sports,509,train
7787,sports,1395,train
7788,sports,139,train
7789,sports,882,train
7790,sports,272,train
7791,sports,868,train
7792,sports,186,train
7793,sports,1022,train
7794,sports,729,train
7795,sports,731,test
7796,sports,878,test
7797,politics,812,train
7798,politics,731,train
7799,sports,889,train
7800,sports,823,train
7801,sports,879,train
7802,sports,815,train
7803,sports,930,test
7804,sports,392,train
7805,sports,812,train
7806,sports,481,train
7807,sports,480,train
7808,sports,539,train
7809,sports,994,train
7810,sports,673,train
7811,sports,1314,train
7812,sports,709,train
7813,politics,789,train
7814,politics,606,train
7815,sports,64,test
7816,sports,115,train
7817,business,609,train
7818,sports,143,train
7819,sports,1010,train
7820,sports,998,train
7821,sports,716,validation
7822,sports,785,validation
7823,sports,740,train
7824,sports,670,train
7825,business,400,train
7826,sports,524,train
7827,sports,533,train
7828,sports,800,train
7829,sports,776,validation
7830,politics,848,train
7831,sports,658,train
7832,business,352,train
7833,sports,740,train
7834,sports,495,train
7835,sports,523,train
7836,sports,864,train
7837,sports,902,train
7838,politics,204,train
7839,sports,580,train
7840,sports,136,train
7841,sports,740,test
7842,sports,708,train
7843,politics,475,train
7844,politics,771,test
7845,sports,769,test
7846,politics,449,validation
7847,sports,757,train
7848,politics,1099,test
7849,sports,904,train
7850,sports,933,train
7851,sports,782,train
7852,sports,990,validation
7853,sports,520,train
7854,sports,779,train
7855,sports,477,train
7856,sports,338,train
7857,sports,702,train
7858,sports,891,train
7859,politics,667,train
7860,sports,831,train
7861,sports,251,train
7862,sports,643,train
7863,sports,700,train
7864,sports,952,test
7865,sports,320,validation
7866,politics,705,train
7867,sports,419,train
7868,sports,765,test
7869,sports,489,train
7870,sports,853,train
7871,sports,802,train
7872,sports,881,validation
7873,sports,694,test
7874,sports,1029,train
7875,sports,855,train
7876,sports,451,validation
7877,business,284,train
7878,sports,766,validation
7879,sports,1246,train
7880,sports,950,train
7881,business,686,train
7882,politics,979,validation
7883,sports,853,train
7884,sports,838,train
7885,sports,578,validation
7886,sports,938,train
7887,sports,566,test
7888,sports,1056,train
7889,sports,752,train
7890,business,389,train
7891,sports,647,train
7892,sports,548,train
7893,politics,657,train
7894,business,780,validation
7895,sports,833,train
7896,sports,571,train
7897,politics,801,train
7898,sports,319,train
7899,sports,906,train
7900,sports,112,train
7901,sports,846,test
7902,sports,754,test
7903,business,636,train
7904,politics,705,test
7905,sports,378,train
7906,business,319,train
7907,politics,896,test
7908,sports,988,train
7909,sports,311,train
7910,sports,101,train
7911,politics,824,train
7912,sports,955,train
7913,business,584,train
7914,politics,495,train
7915,politics,783,train
7916,sports,694,train
7917,sports,488,train
7918,sports,700,train
7919,sports,825,train
7920,sports,947,train
7921,sports,725,train
7922,sports,585,train
7923,sports,646,train
7924,sports,89,train
7925,sports,920,train
7926,politics,672,validation
7927,business,405,train
7928,politics,930,train
7929,politics,834,train
7930,sports,507,train
7931,sports,743,train
7932,sports,779,train
7933,business,601,train
7934,sports,740,train
7935,politics,824,train
7936,sports,236,train
7937,sports,440,test
7938,sports,809,train
7939,sports,595,train
7940,sports,792,train
7941,sports,549,train
7942,politics,1046,validation
7943,politics,509,train
7944,sports,728,train
7945,sports,426,train
7946,sports,513,train
7947,sports,1029,train
7948,politics,759,train
7949,sports,889,train
7950,sports,120,train
7951,sports,1045,train
7952,sports,613,train
7953,sports,569,train
7954,sports,831,train
7955,politics,357,train
7956,sports,1006,train
7957,sports,751,train
7958,sports,872,train
7959,sports,306,train
7960,sports,484,train
7961,sports,556,train
7962,sports,762,train
7963,sports,618,train
7964,sports,714,test
7965,sports,726,train
7966,sports,768,train
7967,politics,663,train
7968,business,559,train
7969,business,868,train
7970,politics,666,train
7971,sports,1098,train
7972,sports,807,train
7973,sports,782,train
7974,sports,966,train
7975,sports,827,train
7976,sports,992,train
7977,politics,953,train
7978,sports,945,test
7979,sports,595,train
7980,politics,585,train
7981,politics,688,train
7982,sports,676,train
7983,sports,591,train
7984,politics,1032,test
7985,business,902,train
7986,sports,693,validation
7987,sports,851,train
7988,business,405,train
7989,sports,1285,train
7990,business,620,train
7991,sports,733,train
7992,sports,617,train
7993,business,600,train
7994,sports,233,train
7995,sports,1152,train
7996,sports,941,test
7997,sports,863,train
7998,sports,837,train
7999,politics,762,test
8000,sports,745,test
8001,sports,450,validation
8002,sports,851,train
8003,politics,1240,validation
8004,politics,855,train
8005,sports,875,train
8006,sports,126,train
8007,sports,751,train
8008,sports,229,train
8009,sports,563,train
8010,sports,678,train
8011,sports,841,test
8012,sports,378,train
8013,sports,786,train
8014,sports,772,test
8015,sports,705,train
8016,politics,690,train
8017,sports,803,test
8018,politics,793,train
8019,sports,851,train
8020,sports,691,train
8021,business,801,train
8022,politics,1024,train
8023,business,664,train
8024,business,553,train
8025,politics,488,train
8026,sports,796,train
8027,sports,829,train
8028,sports,972,train
8029,business,570,train
8030,sports,429,train
8031,business,723,train
8032,sports,463,validation
8033,sports,703,train
8034,sports,976,test
8035,politics,718,train
8036,sports,544,validation
8037,sports,721,train
8038,sports,902,train
8039,politics,736,train
8040,sports,769,test
8041,politics,918,train
8042,sports,54,train
8043,sports,112,test
8044,sports,226,test
8045,business,499,test
8046,sports,674,train
8047,sports,689,train
8048,business,881,train
8049,sports,594,train
8050,sports,757,validation
8051,sports,722,train
8052,sports,1190,train
8053,sports,658,validation
8054,sports,860,train
8055,sports,321,test
8056,sports,514,train
8057,sports,474,train
8058,sports,253,train
8059,sports,992,train
8060,sports,732,validation
8061,sports,98,validation
8062,business,835,validation
8063,business,626,train
8064,sports,478,train
8065,sports,277,train
8066,sports,277,train
8067,business,221,validation
8068,politics,610,validation
8069,sports,868,validation
8070,sports,633,train
8071,politics,988,validation
8072,sports,864,train
8073,politics,666,train
8074,business,355,test
8075,sports,841,train
8076,sports,625,train
8077,sports,947,train
8078,politics,651,train
8079,sports,442,train
8080,sports,872,train
8081,sports,681,train
8082,sports,734,train
8083,business,388,train
8084,sports,881,validation
8085,sports,635,train
8086,sports,874,train
8087,politics,715,test
8088,business,735,test
8089,politics,1439,validation
8090,business,275,test
8091,sports,689,train
8092,sports,851,train
8093,sports,683,train
8094,sports,723,train
8095,sports,714,train
8096,sports,838,train
8097,sports,474,train
8098,sports,878,train
8099,sports,298,train
8100,politics,878,train
8101,sports,863,train
8102,sports,1006,validation
8103,sports,646,train
8104,sports,646,validation
8105,sports,976,train
8106,sports,373,train
8107,sports,1191,train
8108,sports,812,train
8109,sports,833,train
8110,sports,674,train
8111,sports,728,train
8112,sports,699,train
8113,sports,372,test
8114,sports,144,train
8115,sports,774,validation
8116,sports,514,train
8117,sports,999,train
8118,sports,803,train
8119,sports,225,test
8120,business,681,test
8121,sports,565,train
8122,business,775,train
8123,sports,1012,train
8124,sports,659,train
8125,sports,772,train
8126,sports,675,train
8127,sports,548,train
8128,sports,823,validation
8129,politics,706,train
8130,sports,792,train
8131,politics,884,train
8132,politics,596,train
8133,politics,596,test
8134,sports,739,train
8135,sports,1019,train
8136,sports,607,train
8137,sports,994,train
8138,sports,820,validation
8139,sports,618,train
8140,sports,721,train
8141,politics,757,train
8142,sports,1172,validation
8143,sports,702,train
8144,sports,107,train
8145,sports,949,train
8146,sports,541,train
8147,politics,1002,train
8148,sports,438,train
8149,sports,459,train
8150,politics,1035,train
8151,politics,745,train
8152,business,623,train
8153,sports,882,train
8154,sports,731,test
8155,politics,656,train
8156,sports,508,train
8157,sports,831,train
8158,sports,605,train
8159,sports,738,test
8160,sports,677,train
8161,sports,332,train
8162,sports,601,test
8163,sports,496,train
8164,sports,792,train
8165,sports,896,validation
8166,business,812,train
8167,sports,662,train
8168,sports,818,test
8169,politics,788,train
8170,sports,65,train
8171,sports,886,validation
8172,sports,381,train
8173,politics,349,train
8174,sports,576,train
8175,sports,815,train
8176,business,602,test
8177,sports,729,train
8178,sports,693,train
8179,sports,201,train
8180,sports,556,train
8181,sports,832,train
8182,sports,846,validation
8183,sports,728,train
8184,sports,583,train
8185,business,843,train
8186,sports,686,test
8187,politics,717,train
8188,sports,467,train
8189,sports,604,test
8190,sports,1034,train
8191,politics,744,train
8192,sports,479,train
8193,sports,865,validation
8194,sports,531,train
8195,sports,455,train
8196,politics,627,train
8197,business,575,train
8198,sports,192,train
8199,sports,720,train
8200,sports,497,train
8201,sports,368,train
8202,sports,796,train
8203,sports,865,train
8204,business,737,test
8205,politics,281,train
8206,sports,913,train
8207,sports,926,train
8208,sports,1882,test
8209,sports,705,test
8210,sports,794,train
8211,sports,737,train
8212,sports,779,train
8213,sports,823,train
8214,sports,841,train
8215,sports,729,train
8216,sports,756,train
8217,sports,62,train
8218,sports,1008,train
8219,sports,842,train
8220,business,497,train
8221,business,913,train
8222,sports,839,train
8223,sports,670,train
8224,politics,674,train
8225,business,1082,train
8226,politics,731,train
8227,sports,868,train
8228,sports,784,train
8229,politics,1035,validation
8230,sports,1045,train
8231,sports,674,train
8232,business,980,train
8233,politics,926,validation
8234,sports,768,train
8235,sports,732,test
8236,sports,703,train
8237,sports,676,validation
8238,sports,639,train
8239,politics,824,train
8240,sports,758,train
8241,sports,797,validation
8242,politics,694,train
8243,business,831,train
8244,sports,678,train
8245,sports,764,train
8246,business,888,train
8247,sports,482,train
8248,sports,833,train
8249,sports,1044,train
8250,politics,757,train
8251,politics,598,train
8252,sports,566,train
8253,sports,758,train
8254,sports,792,train
8255,politics,694,validation
8256,sports,560,validation
8257,sports,123,train
8258,sports,498,train
8259,sports,758,train
8260,sports,800,train
8261,sports,917,train
8262,sports,1026,train
8263,sports,927,train
8264,sports,410,train
8265,politics,665,train
8266,sports,481,train
8267,sports,856,test
8268,sports,894,validation
8269,sports,324,validation
8270,sports,1028,train
8271,sports,759,train
8272,sports,822,train
8273,sports,427,train
8274,sports,930,train
8275,sports,626,train
8276,politics,793,train
8277,sports,470,train
8278,sports,876,train
8279,sports,431,train
8280,politics,710,validation
8281,sports,707,train
8282,sports,628,train
8283,sports,948,train
8284,sports,731,train
8285,politics,668,train
8286,sports,876,train
8287,sports,601,train
8288,sports,272,test
8289,business,735,train
8290,politics,713,train
8291,sports,766,test
8292,sports,1017,train
8293,politics,529,train
8294,sports,788,train
8295,politics,1083,train
8296,sports,288,train
8297,sports,562,test
8298,sports,1035,test
8299,sports,782,test
8300,sports,724,train
8301,sports,625,train
8302,sports,488,train
8303,sports,778,validation
8304,sports,478,train
8305,politics,580,train
8306,business,501,train
8307,sports,366,train
8308,sports,378,train
8309,sports,848,train
8310,sports,637,train
8311,business,495,train
8312,politics,953,train
8313,sports,807,train
8314,sports,530,train
8315,sports,813,train
8316,sports,388,train
8317,sports,626,train
8318,sports,123,train
8319,sports,931,train
8320,sports,1235,train
8321,sports,766,train
8322,sports,603,validation
8323,sports,494,train
8324,sports,437,train
8325,sports,1319,train
8326,sports,831,train
8327,sports,240,test
8328,sports,110,train
8329,politics,479,train
8330,business,899,test
8331,sports,370,validation
8332,politics,571,train
8333,sports,683,train
8334,sports,847,train
8335,business,915,train
8336,sports,756,train
8337,business,327,train
8338,business,486,train
8339,sports,1017,train
8340,sports,1038,train
8341,sports,339,test
8342,sports,621,train
8343,sports,973,train
8344,politics,1024,train
8345,sports,950,train
8346,business,278,train
8347,business,787,train
8348,sports,937,train
8349,sports,708,train
8350,sports,557,train
8351,sports,598,train
8352,sports,559,train
8353,sports,870,train
8354,sports,534,train
8355,sports,562,train
8356,politics,948,train
8357,sports,786,train
8358,sports,454,train
8359,sports,754,train
8360,politics,358,train
8361,politics,1118,train
8362,business,893,validation
8363,sports,564,train
8364,sports,122,train
8365,sports,721,train
8366,sports,560,train
8367,sports,642,train
8368,sports,764,train
8369,sports,517,train
8370,sports,646,validation
8371,sports,349,test
8372,sports,141,train
8373,politics,694,train
8374,sports,915,test
8375,sports,797,train
8376,business,936,test
8377,politics,657,validation
8378,sports,931,train
8379,business,428,train
8380,sports,558,train
8381,politics,665,train
8382,politics,776,train
8383,sports,439,train
8384,sports,458,train
8385,sports,131,validation
8386,sports,895,train
8387,business,438,train
8388,sports,715,train
8389,business,636,train
8390,sports,868,train
8391,sports,792,test
8392,sports,742,train
8393,sports,807,train
8394,sports,900,train
8395,sports,903,validation
8396,sports,927,train
8397,sports,950,train
8398,sports,1047,train
8399,politics,1267,train
8400,sports,626,validation
8401,sports,414,validation
8402,politics,787,train
8403,politics,970,train
8404,sports,754,train
8405,sports,932,train
8406,politics,993,train
8407,politics,488,train
8408,sports,885,train
8409,sports,756,train
8410,sports,431,train
8411,sports,810,train
8412,sports,751,train
8413,sports,967,train
8414,sports,803,test
8415,sports,731,train
8416,sports,509,train
8417,sports,79,train
8418,sports,349,train
8419,sports,728,validation
8420,sports,2192,train
8421,sports,128,train
8422,sports,512,train
8423,sports,528,train
8424,sports,658,validation
8425,sports,663,train
8426,sports,899,train
8427,sports,390,validation
8428,sports,848,train
8429,business,821,train
8430,business,835,train
8431,sports,1300,validation
8432,sports,698,train
8433,sports,1001,validation
8434,sports,714,train
8435,politics,529,train
8436,sports,688,train
8437,sports,611,train
8438,sports,701,train
8439,sports,842,train
8440,sports,718,train
8441,business,290,test
8442,sports,31,train
8443,sports,760,validation
8444,politics,852,train
8445,sports,711,test
8446,business,422,train
8447,politics,685,test
8448,sports,319,train
8449,politics,916,train
8450,sports,833,train
8451,sports,237,train
8452,sports,868,train
8453,sports,462,validation
8454,sports,955,train
8455,sports,885,train
8456,sports,772,test
8457,sports,818,test
8458,business,297,train
8459,sports,698,train
8460,sports,812,train
8461,politics,777,train
8462,sports,764,train
8463,sports,158,train
8464,business,622,train
8465,politics,331,test
8466,politics,726,train
8467,sports,883,train
8468,sports,856,train
8469,sports,544,train
8470,sports,414,test
8471,politics,928,validation
8472,sports,425,train
8473,sports,780,train
8474,sports,873,validation
8475,politics,685,train
8476,sports,899,train
8477,sports,722,train
8478,sports,800,test
8479,sports,406,train
8480,sports,1025,train
8481,sports,1062,train
8482,sports,803,train
8483,politics,854,train
8484,sports,661,train
8485,sports,767,train
8486,sports,112,train
8487,sports,878,train
8488,sports,485,train
8489,sports,619,train
8490,sports,930,train
8491,business,542,train
8492,sports,559,train
8493,sports,476,train
8494,sports,615,train
8495,sports,1093,train
8496,sports,611,train
8497,politics,1038,train
8498,sports,727,train
8499,sports,777,train
8500,politics,712,train
8501,sports,684,train
8502,sports,944,train
8503,sports,149,train
8504,sports,133,train
8505,sports,185,train
8506,sports,924,train
8507,politics,812,validation
8508,sports,357,validation
8509,sports,912,train
8510,sports,762,train
8511,sports,711,train
8512,sports,932,validation
8513,sports,374,train
8514,business,840,validation
8515,sports,464,train
8516,sports,800,train
8517,sports,331,test
8518,sports,697,test
8519,sports,831,train
8520,sports,582,train
8521,sports,391,train
8522,sports,452,train
8523,sports,601,test
8524,sports,951,test
8525,sports,296,test
8526,sports,835,train
8527,sports,489,train
8528,sports,404,validation
8529,sports,122,train
8530,sports,768,train
8531,politics,444,train
8532,politics,890,train
8533,politics,661,train
8534,politics,438,validation
8535,business,952,train
8536,business,775,train
8537,politics,438,train
8538,politics,943,validation
8539,business,588,test
8540,politics,629,train
8541,sports,727,train
8542,sports,771,train
8543,sports,1035,train
8544,sports,448,validation
8545,politics,696,train
8546,sports,745,train
8547,sports,897,train
8548,business,1129,validation
8549,business,727,train
8550,sports,737,train
8551,sports,684,train
8552,sports,810,train
8553,sports,740,validation
8554,sports,837,train
8555,sports,573,train
8556,sports,486,train
8557,sports,890,train
8558,sports,653,train
8559,sports,705,train
8560,sports,817,test
8561,politics,760,train
8562,sports,727,train
8563,sports,579,train
8564,business,545,train
8565,business,702,train
8566,politics,666,train
8567,sports,708,train
8568,politics,545,train
8569,politics,753,train
8570,sports,840,train
8571,sports,846,train
8572,sports,855,train
8573,sports,994,test
8574,business,696,validation
8575,sports,646,train
8576,sports,900,train
8577,business,894,train
8578,politics,805,validation
8579,sports,791,train
8580,sports,989,test
8581,business,977,train
8582,sports,600,train
8583,sports,531,train
8584,sports,894,train
8585,sports,175,test
8586,sports,747,train
8587,sports,417,test
8588,sports,522,train
8589,sports,765,train
8590,sports,953,train
8591,politics,662,train
8592,sports,1004,train
8593,sports,867,train
8594,sports,1072,train
8595,sports,832,train
8596,sports,745,train
8597,sports,571,validation
8598,sports,561,train
8599,sports,1283,validation
8600,sports,444,validation
8601,politics,747,train
8602,sports,897,validation
8603,sports,819,validation
8604,sports,792,train
8605,sports,895,train
8606,politics,498,train
8607,politics,935,train
8608,sports,438,train
8609,sports,127,test
8610,politics,1183,train
8611,sports,767,train
8612,politics,618,validation
8613,sports,800,train
8614,business,674,train
8615,sports,902,train
8616,sports,745,train
8617,sports,138,train
8618,sports,929,train
8619,politics,784,validation
8620,sports,985,validation
8621,sports,1008,train
8622,politics,970,train
8623,sports,108,train
8624,sports,602,train
8625,politics,668,train
8626,politics,288,train
8627,business,368,train
8628,business,648,train
8629,sports,547,train
8630,sports,396,train
8631,sports,792,train
8632,sports,382,train
8633,sports,1013,train
8634,sports,498,train
8635,sports,389,train
8636,business,972,train
8637,sports,518,train
8638,sports,648,train
8639,sports,626,train
8640,business,948,validation
8641,sports,309,train
8642,sports,232,train
8643,business,590,train
8644,sports,931,train
8645,sports,437,train
8646,sports,278,train
8647,business,96,train
8648,sports,794,train
8649,sports,806,train
8650,sports,546,train
8651,business,793,train
8652,sports,885,train
8653,sports,137,validation
8654,politics,347,train
8655,politics,736,train
8656,sports,780,train
8657,sports,599,train
8658,politics,920,train
8659,business,371,train
8660,politics,1239,train
8661,sports,1086,train
8662,sports,451,train
8663,sports,428,validation
8664,sports,795,train
8665,sports,704,train
8666,sports,929,train
8667,sports,108,train
8668,politics,830,train
8669,sports,901,train
8670,sports,1054,train
8671,sports,336,test
8672,sports,97,train
8673,sports,794,train
8674,sports,430,train
8675,sports,829,train
8676,sports,1195,train
8677,sports,908,train
8678,sports,438,train
8679,sports,158,train
8680,sports,980,train
8681,sports,591,train
8682,sports,981,train
8683,sports,703,train
8684,politics,716,train
8685,sports,728,train
8686,sports,514,test
8687,business,604,validation
8688,business,234,train
8689,business,694,train
8690,sports,816,train
8691,sports,1045,train
8692,sports,500,train
8693,politics,701,train
8694,sports,316,validation
8695,politics,520,train
8696,sports,585,train
8697,sports,585,train
8698,sports,436,train
8699,sports,669,test
8700,sports,899,train
8701,sports,133,train
8702,sports,998,train
8703,politics,731,train
8704,sports,548,train
8705,sports,1034,train
8706,sports,711,train
8707,sports,926,train
8708,sports,1059,train
8709,sports,945,validation
8710,sports,968,train
8711,sports,115,train
8712,sports,743,train
8713,sports,767,validation
8714,business,521,train
8715,sports,680,test
8716,sports,122,train
8717,politics,782,validation
8718,business,396,train
8719,sports,986,train
8720,sports,630,validation
8721,sports,91,train
8722,sports,760,test
8723,sports,594,train
8724,sports,123,train
8725,politics,753,train
8726,sports,824,train
8727,sports,328,train
8728,sports,263,train
8729,sports,702,test
8730,sports,898,test
8731,business,686,train
8732,sports,712,train
8733,sports,742,train
8734,sports,120,train
8735,sports,714,train
8736,sports,841,train
8737,sports,802,train
8738,sports,573,train
8739,politics,810,test
8740,sports,790,train
8741,sports,711,train
8742,sports,145,validation
8743,sports,754,train
8744,sports,684,train
8745,sports,327,train
8746,sports,1020,train
8747,sports,854,validation
8748,sports,686,train
8749,politics,535,train
8750,sports,643,test
8751,business,925,validation
8752,sports,762,train
8753,sports,1009,test
8754,sports,692,train
8755,politics,321,validation
8756,sports,994,train
8757,sports,476,train
8758,sports,861,train
8759,sports,824,test
8760,politics,694,train
8761,business,623,train
8762,sports,720,test
8763,sports,967,train
8764,sports,477,test
8765,business,486,train
8766,sports,1053,train
8767,sports,752,validation
8768,sports,651,train
8769,sports,685,train
8770,sports,547,train
8771,sports,102,train
8772,sports,575,test
8773,sports,693,validation
8774,sports,791,train
8775,sports,982,train
8776,sports,675,validation
8777,business,390,train
8778,business,510,validation
8779,sports,955,train
8780,sports,925,train
8781,sports,873,train
8782,sports,1060,train
8783,business,489,train
8784,business,420,train
8785,politics,895,train
8786,sports,957,train
8787,sports,781,train
8788,politics,1016,train
8789,politics,949,train
8790,sports,662,train
8791,sports,147,train
8792,sports,967,train
8793,sports,834,train
8794,sports,435,train
8795,sports,746,test
8796,sports,520,train
8797,sports,585,train
8798,sports,675,train
8799,sports,780,train
8800,politics,310,train
8801,business,780,train
8802,business,266,train
8803,sports,1266,train
8804,sports,925,train
8805,politics,597,train
8806,sports,507,train
8807,sports,706,train
8808,sports,439,train
8809,sports,480,train
8810,sports,442,train
8811,sports,724,test
8812,sports,548,train
8813,sports,694,test
8814,sports,929,validation
8815,sports,402,train
8816,business,655,train
8817,sports,346,validation
8818,sports,904,validation
8819,politics,730,train
8820,sports,726,train
8821,sports,671,train
8822,business,92,train
8823,business,887,train
8824,sports,612,train
8825,sports,223,train
8826,sports,427,train
8827,sports,528,train
8828,sports,393,train
8829,sports,1133,train
8830,sports,635,train
8831,sports,384,test
8832,politics,809,train
8833,business,712,train
8834,sports,719,train
8835,sports,783,train
8836,sports,513,train
8837,politics,1030,train
8838,politics,1085,train
8839,politics,820,test
8840,sports,788,train
8841,sports,710,validation
8842,sports,791,train
8843,sports,140,train
8844,sports,378,test
8845,sports,765,train
8846,sports,579,validation
8847,sports,744,train
8848,sports,937,train
8849,sports,366,train
8850,sports,915,train
8851,politics,882,train
8852,politics,694,train
8853,politics,756,train
8854,sports,961,train
8855,politics,818,train
8856,sports,395,train
8857,sports,715,validation
8858,sports,782,train
8859,sports,715,train
8860,sports,372,train
8861,politics,550,train
8862,sports,776,train
8863,sports,647,train
8864,sports,593,train
8865,business,807,test
8866,sports,892,train
8867,sports,535,train
8868,business,818,train
8869,politics,841,train
8870,sports,643,train
8871,sports,897,train
8872,sports,731,train
8873,sports,940,train
8874,politics,546,train
8875,sports,759,train
8876,politics,1168,train
8877,sports,974,train
8878,business,1039,train
8879,politics,342,test
8880,politics,898,train
8881,sports,659,train
8882,sports,570,train
8883,sports,522,train
8884,sports,989,train
8885,sports,1036,train
8886,sports,723,train
8887,sports,383,validation
8888,sports,609,train
8889,sports,668,train
8890,sports,1044,test
8891,business,796,train
8892,sports,705,train
8893,sports,822,train
8894,sports,804,train
8895,business,902,train
8896,politics,962,train
8897,sports,735,validation
8898,business,688,train
8899,sports,740,train
8900,politics,324,train
8901,sports,464,test
8902,business,922,train
8903,politics,952,validation
8904,sports,129,train
8905,politics,748,validation
8906,sports,759,train
8907,sports,626,train
8908,politics,627,train
8909,sports,1084,train
8910,sports,489,train
8911,business,680,train
8912,sports,863,train
8913,sports,585,validation
8914,sports,397,train
8915,sports,604,test
8916,sports,725,train
8917,sports,804,train
8918,sports,745,test
8919,sports,961,train
8920,sports,667,validation
8921,sports,645,train
8922,sports,780,train
8923,sports,772,train
8924,sports,243,validation
8925,sports,396,validation
8926,politics,540,train
8927,politics,825,train
8928,sports,707,validation
8929,sports,831,validation
8930,politics,616,train
8931,sports,817,train
8932,sports,288,train
8933,politics,812,train
8934,politics,715,train
8935,politics,305,train
8936,sports,978,train
8937,business,368,train
8938,sports,499,train
8939,sports,549,train
8940,sports,794,validation
8941,sports,412,train
8942,sports,329,train
8943,sports,397,train
8944,sports,348,train
8945,sports,617,train
8946,sports,783,train
8947,sports,599,train
8948,sports,849,train
8949,sports,785,train
8950,business,416,test
8951,sports,841,train
8952,sports,632,train
8953,sports,598,train
8954,sports,985,train
8955,sports,708,train
8956,politics,895,train
8957,sports,595,train
8958,sports,641,test
8959,sports,661,train
8960,sports,399,train
8961,sports,375,train
8962,sports,268,validation
8963,sports,647,train
8964,politics,723,train
8965,sports,773,train
8966,sports,834,train
8967,sports,716,train
8968,sports,819,train
8969,sports,125,train
8970,sports,915,train
8971,sports,640,train
8972,politics,3599,test
8973,sports,718,train
8974,sports,818,train
8975,business,778,train
8976,business,926,train
8977,sports,781,train
8978,sports,813,validation
8979,politics,1129,train
8980,sports,517,train
8981,politics,963,train
8982,sports,799,train
8983,sports,575,train
8984,sports,911,train
8985,sports,760,train
8986,sports,870,train
8987,sports,770,validation
8988,sports,730,train
8989,sports,688,train
8990,sports,801,train
8991,sports,777,train
8992,sports,800,train
8993,politics,717,train
8994,sports,440,train
8995,sports,808,train
8996,business,224,train
8997,sports,820,validation
8998,politics,453,train
8999,sports,777,train
9000,politics,1034,train
9001,politics,529,train
9002,sports,834,train
9003,sports,798,test
9004,business,454,train
9005,sports,486,train
9006,sports,612,train
9007,sports,669,train
9008,sports,494,train
9009,sports,645,validation
9010,sports,843,train
9011,sports,845,train
9012,sports,555,train
9013,sports,674,test
9014,sports,568,train
9015,sports,889,train
9016,sports,584,train
9017,sports,513,train
9018,sports,719,train
9019,sports,360,train
9020,politics,802,train
9021,sports,767,train
9022,sports,383,train
9023,sports,486,train
9024,sports,428,train
9025,sports,639,train
9026,sports,696,train
9027,sports,434,validation
9028,sports,837,validation
9029,sports,383,train
9030,sports,609,train
9031,sports,321,train
9032,sports,1219,train
9033,sports,462,train
9034,sports,370,train
9035,sports,1173,test
9036,sports,491,train
9037,sports,726,train
9038,business,660,test
9039,sports,507,train
9040,politics,1021,test
9041,sports,675,train
9042,sports,771,train
9043,sports,555,train
9044,politics,1023,train
9045,sports,860,train
9046,sports,663,train
9047,sports,663,train
9048,sports,675,train
9049,politics,1009,train
9050,sports,526,train
9051,politics,875,train
9052,sports,809,train
9053,sports,823,train
9054,sports,1097,train
9055,politics,814,train
9056,sports,396,train
9057,sports,727,train
9058,politics,881,train
9059,business,502,train
9060,politics,927,test
9061,business,342,train
9062,business,743,train
9063,politics,615,validation
9064,sports,733,train
9065,sports,916,train
9066,sports,359,train
9067,sports,931,validation
9068,sports,875,train
9069,sports,710,train
9070,sports,1264,train
9071,sports,941,train
9072,politics,696,train
9073,sports,929,train
9074,sports,234,train
9075,sports,674,train
9076,sports,728,train
9077,sports,278,train
9078,sports,773,train
9079,sports,311,train
9080,sports,621,train
9081,sports,306,train
9082,business,247,train
9083,sports,785,train
9084,business,276,train
9085,sports,460,train
9086,politics,706,train
9087,business,1374,train
9088,sports,525,train
9089,politics,1114,train
9090,sports,762,train
9091,politics,329,train
9092,sports,505,validation
9093,sports,136,train
9094,sports,124,train
9095,sports,459,train
9096,sports,727,train
9097,sports,438,train
9098,politics,988,train
9099,politics,647,validation
9100,politics,641,train
9101,sports,353,train
9102,sports,775,train
9103,politics,793,train
9104,politics,627,train
9105,sports,505,train
9106,politics,908,test
9107,sports,617,train
9108,sports,840,train
9109,sports,783,train
9110,sports,423,test
9111,business,814,train
9112,sports,729,train
9113,politics,911,train
9114,sports,707,train
9115,sports,600,train
9116,sports,327,validation
9117,sports,332,train
9118,sports,808,train
9119,sports,225,train
9120,sports,621,train
9121,sports,548,train
9122,sports,235,train
9123,sports,675,test
9124,sports,506,train
9125,sports,953,train
9126,sports,512,train
9127,sports,130,train
9128,sports,718,train
9129,sports,977,train
9130,sports,2838,validation
9131,politics,703,train
9132,sports,723,train
9133,sports,526,train
9134,sports,731,train
9135,sports,720,train
9136,sports,776,validation
9137,sports,662,train
9138,sports,745,validation
9139,politics,469,train
9140,sports,783,validation
9141,sports,256,train
9142,sports,835,train
9143,business,689,train
9144,sports,768,train
9145,business,894,train
9146,sports,504,train
9147,sports,539,train
9148,sports,689,train
9149,sports,451,train
9150,sports,175,train
9151,business,956,train
9152,sports,854,train
9153,sports,963,train
9154,politics,739,train
9155,sports,1017,train
9156,business,991,train
9157,sports,1062,train
9158,sports,937,train
9159,sports,821,train
9160,sports,738,train
9161,sports,708,train
9162,sports,348,train
9163,sports,950,train
9164,sports,655,train
9165,sports,262,validation
9166,politics,1289,train
9167,sports,673,train
9168,sports,824,train
9169,sports,1193,train
9170,sports,742,test
9171,business,597,train
9172,sports,983,test
9173,politics,677,validation
9174,sports,332,train
9175,sports,665,train
9176,sports,977,train
9177,sports,986,train
9178,sports,895,train
9179,sports,427,train
9180,sports,677,train
9181,business,899,test
9182,business,522,test
9183,politics,966,train
9184,sports,462,test
9185,politics,1043,train
9186,sports,713,train
9187,business,931,train
9188,politics,974,train
9189,politics,290,train
9190,sports,204,train
9191,sports,884,train
9192,sports,748,train
9193,sports,987,test
9194,sports,70,train
9195,sports,754,train
9196,sports,392,train
9197,sports,739,train
9198,sports,345,validation
9199,sports,660,train
9200,sports,428,train
9201,politics,630,train
9202,politics,1020,train
9203,sports,869,train
9204,sports,387,test
9205,sports,640,train
9206,sports,783,train
9207,politics,448,train
9208,politics,790,train
9209,politics,946,train
9210,politics,946,test
9211,sports,891,train
9212,business,96,train
9213,sports,657,train
9214,sports,845,train
9215,sports,673,train
9216,politics,774,train
9217,sports,693,train
9218,sports,688,train
9219,sports,530,train
9220,business,789,test
9221,sports,883,train
9222,sports,1054,train
9223,politics,320,test
9224,business,741,train
9225,politics,644,train
9226,sports,584,train
9227,politics,521,train
9228,sports,1203,train
9229,sports,361,train
9230,sports,362,train
9231,sports,353,train
9232,sports,885,train
9233,sports,845,train
9234,sports,760,train
9235,sports,567,train
9236,sports,388,train
9237,sports,895,train
9238,sports,944,train
9239,politics,1080,validation
9240,sports,670,train
9241,sports,635,train
9242,sports,1106,train
9243,sports,764,train
9244,sports,270,train
9245,sports,668,train
9246,sports,394,train
9247,sports,948,train
9248,sports,146,train
9249,sports,636,train
9250,sports,123,train
9251,sports,133,train
9252,politics,492,train
9253,sports,516,train
9254,sports,695,train
9255,sports,603,train
9256,sports,740,train
9257,sports,361,train
9258,sports,501,train
9259,sports,322,train
9260,sports,663,train
9261,business,596,train
9262,sports,784,validation
9263,politics,464,test
9264,sports,896,train
9265,sports,706,train
9266,sports,815,train
9267,sports,462,train
9268,sports,544,train
9269,sports,989,train
9270,politics,756,train
9271,sports,860,train
9272,sports,915,test
9273,business,666,validation
9274,sports,828,train
9275,business,330,validation
9276,sports,305,train
9277,sports,1058,validation
9278,politics,1112,train
9279,business,493,train
9280,sports,975,train
9281,sports,482,test
9282,sports,596,train
9283,sports,845,train
9284,politics,445,train
9285,politics,506,train
9286,sports,985,validation
9287,sports,826,test
9288,sports,253,train
9289,sports,849,train
9290,sports,852,train
9291,business,327,train
9292,sports,473,train
9293,politics,809,train
9294,sports,768,train
9295,sports,66,train
9296,business,659,train
9297,sports,388,train
9298,sports,401,train
9299,sports,955,test
9300,sports,527,test
9301,sports,393,train
9302,sports,850,train
9303,sports,1032,test
9304,sports,758,train
9305,sports,274,train
9306,sports,967,validation
9307,sports,123,train
9308,sports,625,train
9309,sports,320,validation
9310,politics,560,test
9311,sports,260,train
9312,politics,928,train
9313,sports,996,validation
9314,sports,931,train
9315,business,604,train
9316,business,756,validation
9317,sports,147,train
9318,sports,799,train
9319,sports,655,train
9320,sports,739,validation
9321,sports,777,test
9322,sports,477,train
9323,sports,225,train
9324,sports,499,train
9325,sports,832,validation
9326,sports,713,train
9327,sports,861,train
9328,sports,689,validation
9329,sports,407,train
9330,sports,415,test
9331,sports,765,train
9332,sports,836,train
9333,sports,779,train
9334,sports,805,train
9335,sports,775,train
9336,sports,891,train
9337,sports,573,train
9338,politics,209,train
9339,sports,1043,train
9340,sports,749,train
9341,sports,587,train
9342,sports,100,train
9343,sports,960,train
9344,business,803,test
9345,sports,724,train
9346,sports,513,train
9347,politics,767,train
9348,politics,434,train
9349,sports,761,train
9350,sports,947,test
9351,politics,1099,train
9352,sports,423,train
9353,sports,704,validation
9354,sports,503,train
9355,politics,816,train
9356,sports,830,train
9357,sports,921,train
9358,sports,782,train
9359,sports,873,train
9360,sports,415,train
9361,politics,705,train
9362,sports,798,validation
9363,politics,431,train
9364,sports,902,train
9365,politics,658,validation
9366,business,353,train
9367,politics,686,validation
9368,sports,569,train
9369,sports,944,train
9370,sports,527,train
9371,sports,792,train
9372,politics,613,train
9373,sports,409,train
9374,sports,748,train
9375,politics,883,train
9376,sports,823,train
9377,sports,502,train
9378,sports,780,train
9379,business,387,train
9380,sports,888,train
9381,sports,771,train
9382,sports,983,test
9383,sports,681,train
9384,sports,955,validation
9385,sports,807,train
9386,sports,664,train
9387,politics,724,train
9388,sports,926,train
9389,sports,870,test
9390,sports,734,test
9391,sports,758,train
9392,business,273,train
9393,sports,882,train
9394,sports,453,validation
9395,sports,457,train
9396,sports,272,test
9397,politics,648,train
9398,business,263,train
9399,sports,968,train
9400,sports,813,train
9401,sports,413,test
9402,business,435,train
9403,sports,805,train
9404,sports,794,validation
9405,politics,799,test
9406,business,727,train
9407,sports,749,train
9408,sports,755,train
9409,business,576,test
9410,sports,1034,train
9411,sports,631,train
9412,politics,921,train
9413,sports,749,train
9414,sports,821,train
9415,sports,656,train
9416,sports,421,test
9417,business,612,train
9418,politics,1197,test
9419,politics,1043,train
9420,sports,560,train
9421,sports,663,test
9422,sports,473,train
9423,sports,729,validation
9424,sports,800,test
9425,politics,528,train
9426,sports,996,train
9427,sports,765,train
9428,politics,408,train
9429,sports,402,train
9430,politics,699,train
9431,sports,911,train
9432,politics,558,train
9433,sports,1014,train
9434,sports,442,train
9435,sports,927,train
9436,sports,934,train
9437,sports,867,train
9438,sports,758,validation
9439,sports,549,train
9440,politics,481,test
9441,politics,653,train
9442,politics,909,train
9443,sports,798,test
9444,politics,647,train
9445,sports,748,train
9446,business,778,train
9447,sports,824,train
9448,sports,424,train
9449,sports,774,train
9450,sports,964,train
9451,politics,501,train
9452,politics,680,train
9453,sports,859,train
9454,sports,54,train
9455,sports,763,train
9456,politics,514,train
9457,sports,514,train
9458,sports,525,validation
9459,sports,660,train
9460,sports,875,train
9461,sports,917,train
9462,sports,907,train
9463,sports,546,train
9464,sports,645,train
9465,sports,147,train
9466,sports,265,train
9467,sports,774,train
9468,sports,731,train
9469,sports,776,train
9470,politics,639,train
9471,sports,530,train
9472,sports,855,train
9473,sports,1135,train
9474,sports,763,train
9475,sports,2764,test
9476,sports,797,train
9477,sports,941,train
9478,sports,606,train
9479,sports,135,train
9480,sports,684,train
9481,sports,891,train
9482,sports,616,train
9483,sports,557,train
9484,sports,890,train
9485,sports,578,train
9486,sports,555,test
9487,sports,704,train
9488,sports,772,train
9489,sports,87,train
9490,sports,972,train
9491,sports,663,train
9492,sports,535,train
9493,sports,955,train
9494,sports,285,train
9495,politics,834,train
9496,sports,838,train
9497,sports,780,train
9498,business,633,train
9499,sports,713,train
9500,sports,728,train
9501,business,1198,validation
9502,sports,696,train
9503,sports,366,train
9504,sports,367,train
9505,sports,893,train
9506,sports,821,train
9507,business,442,train
9508,sports,951,test
9509,sports,823,train
9510,business,1151,train
9511,sports,811,train
9512,sports,676,train
9513,sports,508,validation
9514,sports,393,validation
9515,sports,350,train
9516,business,662,train
9517,business,711,train
9518,sports,882,train
9519,sports,382,test
9520,sports,131,validation
9521,sports,727,test
9522,sports,747,validation
9523,business,895,validation
9524,sports,827,train
9525,sports,770,train
9526,sports,340,train
9527,sports,698,validation
9528,sports,916,validation
9529,sports,803,train
9530,sports,834,train
9531,sports,679,validation
9532,politics,586,train
9533,sports,853,train
9534,business,614,validation
9535,sports,692,train
9536,sports,637,train
9537,business,363,validation
9538,politics,823,train
9539,sports,916,train
9540,sports,736,train
9541,sports,387,train
9542,sports,443,test
9543,sports,109,train
9544,sports,256,train
9545,sports,572,validation
9546,sports,66,validation
9547,politics,785,train
9548,business,1026,train
9549,sports,405,train
9550,sports,1029,test
9551,sports,752,test
9552,business,629,train
9553,business,845,train
9554,sports,588,train
9555,business,435,test
9556,sports,719,validation
9557,politics,912,train
9558,sports,514,train
9559,sports,705,train
9560,sports,486,train
9561,sports,215,test
9562,sports,768,train
9563,sports,456,validation
9564,sports,600,train
9565,sports,666,train
9566,business,824,train
9567,sports,822,train
9568,politics,897,train
9569,sports,699,validation
9570,sports,299,train
9571,sports,639,train
9572,sports,878,train
9573,sports,225,train
9574,sports,255,train
9575,sports,735,train
9576,sports,696,train
9577,sports,691,train
9578,sports,792,train
9579,politics,978,train
9580,politics,741,train
9581,sports,871,train
9582,politics,714,train
9583,sports,715,train
9584,politics,894,train
9585,sports,817,train
9586,sports,713,test
9587,sports,345,train
9588,sports,672,train
9589,sports,290,train
9590,sports,781,train
9591,sports,753,test
9592,sports,452,train
9593,sports,412,train
9594,sports,145,train
9595,sports,655,train
9596,sports,948,train
9597,sports,1121,train
9598,sports,1052,train
9599,sports,824,train
9600,sports,130,train
9601,sports,647,train
9602,sports,667,test
9603,politics,608,train
9604,sports,797,test
9605,politics,786,validation
9606,sports,416,train
9607,sports,464,train
9608,sports,569,train
9609,sports,564,test
9610,sports,760,train
9611,sports,888,train
9612,sports,371,train
9613,sports,807,train
9614,sports,454,train
9615,sports,823,test
9616,sports,840,train
9617,sports,653,train
9618,sports,728,train
9619,sports,810,train
9620,sports,850,validation
9621,sports,732,train
9622,sports,505,train
9623,politics,604,validation
9624,sports,824,train
9625,sports,798,train
9626,sports,1074,train
9627,sports,690,train
9628,business,722,train
9629,politics,703,train
9630,sports,437,train
9631,sports,582,train
9632,sports,805,train
9633,sports,605,train
9634,sports,490,train
9635,politics,388,train
9636,sports,628,train
9637,sports,288,train
9638,politics,543,train
9639,sports,694,train
9640,sports,838,test
9641,sports,597,validation
9642,business,363,train
9643,sports,768,train
9644,business,213,validation
9645,sports,861,train
9646,sports,392,train
9647,sports,638,train
9648,sports,742,test
9649,sports,1026,validation
9650,sports,559,train
9651,sports,832,train
9652,sports,435,train
9653,sports,582,train
9654,sports,552,train
9655,sports,1006,test
9656,sports,234,train
9657,politics,277,train
9658,politics,992,train
9659,sports,869,train
9660,sports,805,train
9661,sports,393,train
9662,sports,410,train
9663,sports,594,validation
9664,sports,1190,validation
9665,sports,805,train
9666,sports,530,train
9667,sports,811,train
9668,sports,722,train
9669,sports,751,train
9670,sports,930,train
9671,sports,435,train
9672,sports,679,train
9673,sports,713,train
9674,sports,674,train
9675,politics,762,train
9676,politics,279,train
9677,sports,500,train
9678,sports,540,train
9679,sports,130,train
9680,politics,648,train
9681,politics,324,train
9682,sports,985,train
9683,business,677,train
9684,business,1041,train
9685,sports,1031,train
9686,politics,1034,train
9687,politics,859,train
9688,sports,705,train
9689,sports,739,train
9690,business,708,train
9691,politics,772,train
9692,sports,852,train
9693,sports,587,test
9694,sports,142,train
9695,sports,714,train
9696,business,529,train
9697,sports,427,train
9698,business,601,test
9699,sports,253,train
9700,sports,1117,train
9701,politics,1149,train
9702,business,1136,train
9703,business,369,train
9704,business,899,train
9705,politics,579,train
9706,sports,710,validation
9707,sports,847,train
9708,sports,252,train
9709,sports,804,train
9710,sports,713,validation
9711,politics,790,train
9712,sports,854,train
9713,sports,693,train
9714,sports,687,train
9715,sports,102,train
9716,politics,375,train
9717,sports,686,validation
9718,sports,966,test
9719,sports,689,train
9720,sports,972,train
9721,politics,757,train
9722,sports,835,train
9723,sports,697,test
9724,sports,470,train
9725,politics,601,train
9726,sports,871,train
9727,sports,957,train
9728,sports,846,train
9729,politics,415,train
9730,business,421,test
9731,politics,747,validation
9732,politics,848,train
9733,sports,247,train
9734,sports,334,validation
9735,sports,838,validation
9736,politics,953,train
9737,sports,381,test
9738,politics,683,train
9739,sports,647,train
9740,sports,494,train
9741,sports,484,train
9742,sports,619,train
9743,politics,752,train
9744,sports,889,validation
9745,politics,641,train
9746,sports,965,test
9747,sports,647,train
9748,sports,728,validation
9749,sports,814,train
9750,business,608,train
9751,politics,611,test
9752,sports,765,train
9753,business,674,train
9754,politics,906,validation
9755,business,193,train
9756,sports,825,train
9757,sports,835,train
9758,sports,876,train
9759,sports,994,train
9760,politics,928,validation
9761,sports,916,train
9762,politics,408,train
9763,politics,903,test
9764,sports,895,train
9765,sports,542,test
9766,business,1059,train
9767,politics,367,test
9768,business,375,train
9769,politics,614,train
9770,sports,938,train
9771,sports,730,train
9772,politics,782,train
9773,politics,660,train
9774,politics,667,train
9775,sports,862,train
9776,sports,930,train
9777,sports,695,test
9778,sports,568,train
9779,sports,835,train
9780,sports,639,train
9781,sports,835,train
9782,politics,677,train
9783,business,498,train
9784,sports,685,train
9785,sports,898,train
9786,politics,652,test
9787,sports,768,validation
9788,business,140,train
9789,politics,1044,train
9790,business,638,train
9791,sports,731,train
9792,sports,1067,train
9793,sports,725,validation
9794,sports,823,train
9795,politics,772,train
9796,sports,269,train
9797,sports,484,test
9798,politics,814,train
9799,sports,668,train
9800,sports,761,train
9801,business,659,test
9802,sports,84,train
9803,sports,335,train
9804,sports,623,train
9805,politics,825,train
9806,sports,912,train
9807,business,389,train
9808,sports,944,train
9809,sports,302,train
9810,sports,634,train
9811,sports,711,test
9812,politics,657,train
9813,sports,697,train
9814,sports,750,train
9815,sports,843,train
9816,sports,803,test
9817,sports,1069,train
9818,sports,823,validation
9819,sports,308,train
9820,sports,147,train
9821,politics,757,validation
9822,sports,893,train
9823,sports,613,train
9824,sports,824,train
9825,sports,934,train
9826,sports,406,test
9827,sports,934,train
9828,politics,316,train
9829,sports,661,train
9830,sports,787,train
9831,sports,727,train
9832,sports,452,train
9833,sports,106,train
9834,sports,281,train
9835,sports,601,train
9836,sports,997,train
9837,sports,1055,train
9838,business,534,train
9839,sports,471,train
9840,sports,744,train
9841,politics,650,validation
9842,politics,833,test
9843,politics,948,validation
9844,sports,965,train
9845,politics,834,train
9846,sports,718,validation
9847,sports,527,train
9848,business,369,test
9849,business,1147,test
9850,politics,834,train
9851,sports,713,train
9852,sports,1194,test
9853,sports,384,train
9854,sports,695,validation
9855,sports,962,train
9856,sports,869,train
9857,sports,425,train
9858,sports,118,train
9859,sports,473,train
9860,sports,499,train
9861,sports,737,train
9862,sports,409,train
9863,business,777,train
9864,sports,775,train
9865,sports,293,train
9866,sports,377,train
9867,business,318,train
9868,politics,1030,train
9869,politics,779,train
9870,sports,1047,train
9871,politics,856,train
9872,business,1051,train
9873,sports,414,train
9874,politics,688,validation
9875,politics,788,train
9876,politics,908,test
9877,sports,733,train
9878,business,676,train
9879,politics,650,test
9880,sports,976,validation
9881,sports,506,train
9882,sports,937,train
9883,sports,400,test
9884,politics,783,train
9885,sports,1376,train
9886,sports,630,train
9887,politics,660,train
9888,sports,335,train
9889,sports,918,train
9890,politics,984,train
9891,sports,651,test
9892,business,721,train
9893,sports,638,validation
9894,sports,514,train
9895,sports,292,train
9896,sports,483,test
9897,sports,882,train
9898,sports,681,test
9899,sports,662,validation
9900,sports,520,train
9901,sports,610,test
9902,sports,423,train
9903,politics,652,train
9904,sports,871,train
9905,sports,851,train
9906,sports,470,train
9907,sports,530,train
9908,sports,750,train
9909,sports,802,train
9910,sports,958,train
9911,sports,757,train
9912,business,1219,validation
9913,politics,514,train
9914,politics,856,validation
9915,sports,330,train
9916,sports,911,train
9917,sports,762,train
9918,sports,698,validation
9919,business,686,train
9920,sports,908,test
9921,sports,679,test
9922,business,679,train
9923,politics,772,train
9924,sports,1005,train
9925,sports,868,train
9926,sports,756,train
9927,sports,833,train
9928,sports,521,train
9929,sports,736,train
9930,politics,712,train
9931,politics,712,test
9932,sports,739,validation
9933,sports,1015,train
9934,sports,586,train
9935,politics,664,validation
9936,sports,1029,validation
9937,sports,906,train
9938,politics,799,train
9939,sports,636,train
9940,sports,496,train
9941,sports,981,test
9942,sports,662,train
9943,sports,768,train
9944,sports,642,test
9945,business,659,train
9946,sports,633,train
9947,sports,743,train
9948,politics,516,train
9949,business,545,validation
9950,politics,706,train
9951,sports,1060,train
9952,sports,529,validation
9953,sports,710,train
9954,business,527,train
9955,sports,403,validation
9956,sports,723,train
9957,sports,126,train
9958,sports,106,train
9959,sports,393,train
9960,sports,824,train
9961,sports,916,train
9962,sports,384,train
9963,sports,449,train
9964,politics,579,train
9965,business,743,validation
9966,politics,742,test
9967,business,446,test
9968,sports,507,train
9969,business,633,train
9970,politics,715,train
9971,sports,209,validation
9972,sports,484,train
9973,sports,997,train
9974,sports,569,train
9975,business,415,train
9976,business,367,train
9977,sports,916,train
9978,sports,612,train
9979,sports,522,train
9980,sports,604,train
9981,sports,521,train
9982,sports,352,train
9983,politics,1015,train
9984,sports,920,train
9985,sports,132,train
9986,politics,830,train
9987,sports,906,train
9988,sports,775,train
9989,sports,644,train
9990,sports,841,train
9991,politics,559,train
9992,sports,637,train
9993,sports,928,train
9994,sports,573,train
9995,sports,1010,train
9996,sports,349,train
9997,sports,751,train
9998,politics,693,train
9999,sports,854,train
10000,sports,880,train
10001,sports,559,train
10002,sports,316,train
10003,sports,877,validation
10004,sports,113,train
10005,sports,871,train
10006,sports,1023,train
10007,sports,781,train
10008,sports,1024,train
10009,sports,1000,train
10010,business,285,train
10011,sports,1042,train
10012,sports,807,train
10013,sports,518,train
10014,politics,418,validation
10015,sports,481,validation
10016,sports,535,train
10017,business,270,train
10018,business,751,train
10019,sports,433,train
10020,sports,915,train
10021,sports,715,train
10022,sports,280,train
10023,sports,279,train
10024,sports,480,train
10025,sports,928,train
10026,politics,776,train
10027,sports,827,validation
10028,sports,233,train
10029,politics,311,test
10030,business,618,train
10031,sports,422,train
10032,sports,748,train
10033,sports,698,train
10034,sports,662,train
10035,sports,316,train
10036,sports,517,train
10037,business,1158,train
10038,sports,355,train
10039,sports,820,train
10040,sports,609,train
10041,sports,330,train
10042,sports,265,validation
10043,sports,876,validation
10044,sports,418,train
10045,sports,345,train
10046,sports,1046,test
10047,sports,882,train
10048,business,659,train
10049,sports,988,train
10050,politics,886,validation
10051,sports,1373,validation
10052,sports,325,train
10053,sports,513,train
10054,sports,907,validation
10055,politics,883,train
10056,politics,794,train
10057,sports,945,validation
10058,sports,988,train
10059,sports,764,train
10060,sports,885,validation
10061,politics,979,train
10062,sports,624,train
10063,business,252,test
10064,sports,663,train
10065,sports,362,train
10066,sports,636,train
10067,sports,587,train
10068,sports,631,test
10069,sports,700,train
10070,sports,811,train
10071,sports,279,train
10072,sports,586,train
10073,sports,555,validation
10074,sports,1104,train
10075,sports,786,train
10076,sports,723,train
10077,politics,660,train
10078,business,677,train
10079,sports,992,train
10080,sports,830,train
10081,politics,721,train
10082,sports,460,validation
10083,sports,640,train
10084,sports,252,test
10085,sports,964,train
10086,business,1049,train
10087,sports,955,test
10088,politics,792,train
10089,sports,613,train
10090,business,576,test
10091,sports,407,train
10092,sports,1039,train
10093,politics,1086,train
10094,sports,733,train
10095,sports,658,train
10096,sports,129,train
10097,sports,936,train
10098,sports,603,train
10099,sports,626,train
10100,sports,447,train
10101,politics,702,train
10102,sports,610,train
10103,sports,93,train
10104,sports,984,train
10105,sports,413,validation
10106,sports,199,train
10107,sports,691,train
10108,sports,1032,train
10109,sports,644,train
10110,sports,746,train
10111,sports,311,train
10112,sports,923,train
10113,business,720,train
10114,politics,711,train
10115,business,399,train
10116,sports,889,test
10117,sports,785,train
10118,politics,605,train
10119,sports,445,train
10120,sports,362,validation
10121,sports,523,train
10122,business,490,train
10123,business,550,train
10124,politics,880,train
10125,politics,613,train
10126,sports,926,test
10127,sports,837,train
10128,sports,437,train
10129,sports,266,test
10130,sports,659,train
10131,business,704,validation
10132,sports,479,train
10133,sports,603,test
10134,sports,546,train
10135,sports,669,train
10136,politics,796,test
10137,sports,675,train
10138,sports,857,train
10139,sports,1023,train
10140,sports,916,test
10141,business,725,train
10142,sports,851,validation
10143,politics,971,train
10144,sports,933,train
10145,sports,800,train
10146,politics,700,train
10147,sports,846,train
10148,sports,734,validation
10149,politics,808,validation
10150,sports,771,train
10151,politics,652,train
10152,sports,868,test
10153,politics,570,train
10154,politics,983,test
10155,politics,820,train
10156,sports,859,train
10157,sports,802,train
10158,business,699,train
10159,sports,699,train
10160,politics,742,validation
10161,politics,813,test
10162,sports,884,train
10163,sports,311,train
10164,sports,521,train
10165,business,158,validation
10166,politics,497,train
10167,sports,871,test
10168,sports,814,train
10169,politics,701,train
10170,sports,585,train
10171,sports,804,train
10172,politics,733,test
10173,sports,473,train
10174,sports,658,train
10175,sports,647,train
10176,sports,417,train
10177,sports,781,train
10178,sports,729,train
10179,sports,189,train
10180,sports,506,train
10181,business,423,train
10182,politics,1159,validation
10183,sports,307,train
10184,sports,608,test
10185,sports,500,train
10186,sports,780,train
10187,sports,590,train
10188,sports,972,train
10189,politics,505,train
10190,business,600,train
10191,sports,355,train
10192,sports,861,train
10193,sports,905,validation
10194,sports,608,train
10195,sports,720,test
10196,business,986,train
10197,business,916,train
10198,business,435,train
10199,business,928,test
10200,sports,707,train
10201,sports,705,train
10202,politics,600,train
10203,sports,873,train
10204,politics,895,train
10205,sports,693,validation
10206,business,641,train
10207,business,795,test
10208,sports,863,train
10209,business,258,train
10210,business,760,train
10211,business,368,train
10212,sports,560,train
10213,sports,871,validation
10214,politics,638,train
10215,sports,1247,train
10216,sports,755,train
10217,sports,914,train
10218,sports,937,train
10219,sports,93,validation
10220,sports,875,train
10221,sports,299,test
10222,sports,517,train
10223,politics,1049,train
10224,sports,1025,train
10225,sports,682,train
10226,sports,701,train
10227,sports,859,train
10228,sports,664,train
10229,sports,558,train
10230,sports,342,test
10231,politics,739,train
10232,politics,768,train
10233,sports,309,train
10234,business,395,train
10235,sports,800,train
10236,sports,820,train
10237,sports,617,train
10238,sports,237,train
10239,sports,867,train
10240,sports,939,train
10241,politics,729,test
10242,sports,909,validation
10243,sports,534,train
10244,sports,280,train
10245,sports,559,train
10246,sports,515,train
10247,sports,314,train
10248,sports,403,train
10249,sports,139,test
10250,sports,493,train
10251,business,736,train
10252,sports,755,train
10253,sports,861,train
10254,sports,639,train
10255,sports,314,train
10256,sports,576,train
10257,sports,153,train
10258,sports,97,train
10259,sports,542,train
10260,sports,912,train
10261,business,303,train
10262,sports,250,validation
10263,sports,418,train
10264,sports,375,train
10265,sports,724,train
10266,sports,690,train
10267,sports,130,train
10268,sports,596,train
10269,business,830,train
10270,sports,963,train
10271,politics,715,train
10272,politics,948,train
10273,sports,366,validation
10274,business,825,validation
10275,sports,962,train
10276,sports,853,validation
10277,sports,991,train
10278,sports,815,train
10279,sports,1021,validation
10280,sports,381,train
10281,sports,337,train
10282,sports,410,train
10283,sports,1343,train
10284,sports,629,train
10285,sports,773,validation
10286,politics,867,train
10287,sports,502,train
10288,sports,642,train
10289,sports,625,train
10290,sports,783,validation
10291,business,521,train
10292,sports,700,train
10293,politics,553,test
10294,politics,696,train
10295,sports,834,train
10296,sports,839,train
10297,sports,665,train
10298,sports,693,train
10299,sports,926,train
10300,politics,645,test
10301,politics,682,train
10302,sports,915,train
10303,politics,799,validation
10304,politics,642,validation
10305,business,920,train
10306,sports,917,train
10307,business,891,train
10308,sports,710,train
10309,sports,902,test
10310,sports,262,train
10311,sports,472,test
10312,sports,781,train
10313,sports,820,train
10314,sports,752,train
10315,sports,136,train
10316,sports,962,validation
10317,sports,731,train
10318,sports,814,train
10319,politics,391,train
10320,business,712,validation
10321,business,440,train
10322,sports,850,train
10323,sports,405,train
10324,politics,734,train
10325,sports,487,train
10326,business,526,train
10327,sports,742,train
10328,sports,209,test
10329,politics,628,train
10330,sports,936,train
10331,sports,867,train
10332,politics,401,test
10333,sports,1011,train
10334,politics,703,train
10335,sports,444,train
10336,sports,835,train
10337,sports,938,train
10338,politics,626,validation
10339,sports,656,train
10340,business,769,validation
10341,sports,770,train
10342,sports,611,train
10343,sports,881,train
10344,business,639,train
10345,sports,288,train
10346,sports,442,test
10347,sports,410,train
10348,sports,623,train
10349,sports,350,train
10350,sports,730,validation
10351,sports,619,train
10352,sports,594,train
10353,politics,153,train
10354,sports,773,train
10355,sports,733,train
10356,sports,839,train
10357,politics,765,train
10358,sports,444,train
10359,sports,864,train
10360,politics,719,train
10361,sports,948,train
10362,sports,788,test
10363,sports,605,train
10364,sports,398,train
10365,sports,937,train
10366,business,680,train
10367,sports,481,train
10368,sports,513,train
10369,business,496,train
10370,politics,662,train
10371,sports,510,train
10372,business,631,train
10373,sports,2438,train
10374,sports,335,train
10375,sports,634,train
10376,sports,747,validation
10377,sports,813,train
10378,sports,896,train
10379,politics,300,test
10380,politics,796,train
10381,sports,820,train
10382,sports,625,train
10383,sports,854,train
10384,sports,1601,train
10385,sports,985,train
10386,sports,852,train
10387,sports,674,train
10388,sports,837,train
10389,sports,691,train
10390,sports,868,test
10391,sports,745,test
10392,sports,488,train
10393,sports,800,train
10394,sports,121,train
10395,sports,459,train
10396,sports,501,train
10397,business,1152,train
10398,sports,524,train
10399,sports,180,train
10400,sports,555,train
10401,politics,747,test
10402,sports,693,test
10403,sports,755,train
10404,sports,727,train
10405,business,153,validation
10406,politics,481,train
10407,sports,855,train
10408,sports,567,train
10409,politics,1270,train
10410,politics,915,train
10411,sports,324,test
10412,business,721,validation
10413,sports,508,train
10414,sports,771,validation
10415,sports,876,train
10416,sports,911,train
10417,sports,1147,train
10418,sports,717,train
10419,politics,747,train
10420,business,988,train
10421,sports,1050,train
10422,sports,878,train
10423,politics,157,train
10424,sports,579,train
10425,sports,395,test
10426,sports,715,validation
10427,sports,606,validation
10428,sports,890,train
10429,politics,702,test
10430,sports,839,test
10431,sports,868,train
10432,sports,725,train
10433,politics,852,test
10434,sports,592,train
10435,sports,684,train
10436,sports,806,validation
10437,sports,143,train
10438,sports,348,train
10439,sports,968,test
10440,politics,847,train
10441,sports,702,train
10442,sports,961,train
10443,politics,917,train
10444,sports,999,train
10445,sports,276,train
10446,politics,631,validation
10447,sports,655,train
10448,sports,1003,validation
10449,politics,683,train
10450,sports,724,test
10451,politics,612,validation
10452,sports,457,train
10453,sports,1074,validation
10454,sports,1008,train
10455,business,808,train
10456,business,330,train
10457,business,1061,train
10458,business,802,train
10459,sports,705,train
10460,politics,789,train
10461,sports,879,train
10462,sports,906,test
10463,sports,668,train
10464,sports,949,train
10465,sports,456,train
10466,sports,706,train
10467,sports,846,train
10468,sports,425,train
10469,sports,800,train
10470,politics,675,train
10471,sports,662,train
10472,sports,881,train
10473,sports,712,train
10474,politics,732,validation
10475,business,294,test
10476,sports,871,train
10477,sports,1130,test
10478,sports,768,train
10479,sports,683,train
10480,sports,725,train
10481,sports,730,train
10482,sports,782,train
10483,sports,724,train
10484,sports,569,train
10485,sports,848,train
10486,sports,482,train
10487,sports,407,train
10488,sports,878,train
10489,sports,616,train
10490,sports,796,train
10491,sports,768,test
10492,sports,740,train
10493,business,577,test
10494,politics,797,train
10495,politics,480,train
10496,sports,647,train
10497,sports,903,train
10498,sports,865,test
10499,sports,718,train
10500,sports,1036,train
10501,business,569,test
10502,sports,128,train
10503,sports,717,train
10504,sports,446,train
10505,sports,351,train
10506,business,884,validation
10507,politics,763,train
10508,sports,661,train
10509,politics,806,train
10510,sports,540,validation
10511,sports,604,validation
10512,sports,815,train
10513,sports,858,test
10514,sports,120,train
10515,sports,248,train
10516,politics,1072,train
10517,sports,131,train
10518,sports,628,train
10519,politics,578,train
10520,sports,701,train
10521,sports,1036,train
10522,sports,853,train
10523,sports,687,train
10524,sports,669,test
10525,sports,811,validation
10526,sports,647,train
10527,sports,895,train
10528,sports,810,train
10529,sports,103,train
10530,sports,637,train
10531,sports,745,train
10532,sports,764,train
10533,sports,461,validation
10534,sports,102,train
10535,sports,664,train
10536,politics,835,validation
10537,sports,986,test
10538,sports,374,train
10539,sports,878,train
10540,sports,715,train
10541,sports,1055,validation
10542,sports,742,test
10543,politics,1007,test
10544,sports,990,train
10545,sports,1060,validation
10546,sports,721,test
10547,sports,733,train
10548,sports,103,test
10549,sports,851,train
10550,sports,552,test
10551,sports,1009,train
10552,sports,690,train
10553,sports,722,train
10554,sports,682,validation
10555,sports,875,train
10556,sports,652,train
10557,sports,195,train
10558,sports,604,train
10559,business,964,train
10560,sports,139,test
10561,sports,770,train
10562,sports,574,train
10563,business,824,train
10564,sports,267,train
10565,politics,810,train
10566,sports,640,train
10567,sports,282,validation
10568,sports,1019,train
10569,sports,813,validation
10570,sports,645,train
10571,politics,323,train
10572,politics,461,test
10573,sports,719,train
10574,sports,795,train
10575,sports,528,train
10576,politics,1183,test
10577,sports,677,train
10578,sports,937,train
10579,politics,1183,train
10580,sports,101,train
10581,sports,749,train
10582,sports,911,test
10583,sports,990,validation
10584,sports,625,train
10585,sports,413,train
10586,sports,830,train
10587,sports,842,train
10588,sports,594,train
10589,sports,802,train
10590,sports,112,train
10591,sports,518,train
10592,sports,418,train
10593,politics,689,train
10594,business,593,train
10595,politics,671,train
10596,sports,685,train
10597,sports,579,test
10598,sports,882,train
10599,sports,390,validation
10600,politics,1012,train
10601,sports,765,train
10602,politics,678,train
10603,sports,589,train
10604,sports,966,train
10605,sports,743,train
10606,sports,761,train
10607,sports,419,validation
10608,sports,688,train
10609,politics,912,validation
10610,sports,221,train
10611,sports,331,train
10612,sports,773,validation
10613,sports,674,train
10614,sports,1013,train
10615,sports,1000,train
10616,sports,213,train
10617,politics,694,validation
10618,sports,697,train
10619,sports,698,train
10620,sports,1035,train
10621,sports,905,train
10622,sports,1016,train
10623,sports,639,train
10624,sports,269,train
10625,sports,925,train
10626,sports,121,test
10627,sports,669,train
10628,politics,647,train
10629,sports,999,train
10630,sports,187,train
10631,sports,292,train
10632,politics,772,train
10633,politics,970,train
10634,politics,747,train
10635,sports,1166,test
10636,sports,867,test
10637,sports,910,train
10638,politics,986,train
10639,sports,121,train
10640,sports,706,train
10641,sports,274,train
10642,sports,117,validation
10643,sports,833,train
10644,sports,383,train
10645,sports,515,train
10646,sports,829,train
10647,sports,153,train
10648,sports,809,train
10649,sports,492,train
10650,sports,760,train
10651,business,922,train
10652,sports,871,test
10653,sports,833,train
10654,sports,474,test
10655,sports,613,train
10656,politics,798,train
10657,politics,676,train
10658,sports,814,train
10659,sports,806,train
10660,sports,861,train
10661,sports,425,train
10662,sports,769,test
10663,sports,856,validation
10664,sports,441,train
10665,sports,220,train
10666,sports,1158,train
10667,sports,643,train
10668,sports,611,test
10669,sports,842,train
10670,sports,129,test
10671,sports,563,validation
10672,sports,764,train
10673,sports,908,train
10674,sports,615,train
10675,politics,711,train
10676,sports,592,validation
10677,politics,748,train
10678,sports,770,validation
10679,politics,730,train
10680,politics,711,train
10681,sports,1050,train
10682,sports,767,train
10683,sports,424,train
10684,sports,870,train
10685,politics,625,train
10686,sports,947,train
10687,sports,1047,train
10688,sports,389,train
10689,sports,305,validation
10690,sports,259,train
10691,sports,957,train
10692,business,1022,train
10693,sports,507,train
10694,sports,974,train
10695,sports,944,train
10696,business,313,train
10697,sports,897,train
10698,sports,677,train
10699,sports,935,train
10700,sports,837,train
10701,sports,210,train
10702,sports,1012,test
10703,sports,622,train
10704,sports,785,train
10705,sports,978,validation
10706,politics,713,train
10707,sports,759,train
10708,sports,728,test
10709,sports,544,train
10710,sports,831,train
10711,sports,854,train
10712,sports,719,validation
10713,sports,662,test
10714,business,1362,validation
10715,sports,474,train
10716,sports,754,train
10717,sports,559,train
10718,business,722,test
10719,politics,872,test
10720,sports,784,train
10721,sports,492,train
10722,sports,520,test
10723,sports,750,train
10724,sports,759,train
10725,sports,830,train
10726,business,449,validation
10727,sports,677,train
10728,sports,783,train
10729,sports,439,train
10730,sports,330,train
10731,sports,303,validation
10732,sports,901,validation
10733,sports,651,train
10734,sports,123,train
10735,sports,485,train
10736,sports,500,train
10737,sports,510,train
10738,sports,872,train
10739,sports,682,test
10740,sports,696,train
10741,sports,888,train
10742,sports,945,train
10743,business,833,test
10744,sports,908,validation
10745,politics,770,train
10746,sports,795,train
10747,sports,681,train
10748,sports,142,train
10749,sports,318,train
10750,sports,820,train
10751,sports,739,test
10752,sports,801,train
10753,sports,817,train
10754,sports,823,train
10755,sports,805,train
10756,sports,693,train
10757,sports,539,train
10758,sports,487,train
10759,business,642,train
10760,sports,395,test
10761,politics,857,train
10762,sports,1320,train
10763,sports,760,train
10764,sports,302,train
10765,sports,536,train
10766,politics,749,train
10767,sports,766,train
10768,sports,839,train
10769,sports,783,train
10770,sports,1052,train
10771,sports,678,train
10772,sports,409,train
10773,politics,718,train
10774,sports,949,train
10775,sports,711,test
10776,business,826,train
10777,sports,501,test
10778,business,275,train
10779,politics,573,validation
10780,sports,746,validation
10781,sports,769,train
10782,politics,664,test
10783,sports,1307,validation
10784,sports,650,validation
10785,sports,802,train
10786,sports,826,train
10787,sports,624,train
10788,sports,789,train
10789,sports,472,train
10790,business,690,train
10791,sports,785,train
10792,politics,643,train
10793,politics,907,test
10794,sports,634,train
10795,sports,506,train
10796,sports,531,train
10797,politics,872,train
10798,sports,834,train
10799,sports,1030,train
10800,politics,854,train
10801,sports,331,train
10802,sports,1092,test
10803,sports,336,train
10804,sports,919,train
10805,sports,542,train
10806,sports,883,test
10807,politics,878,train
10808,sports,804,train
10809,politics,1004,train
10810,business,881,train
10811,sports,1006,test
10812,politics,970,train
10813,business,548,train
10814,sports,790,train
10815,sports,669,train
10816,politics,726,train
10817,sports,798,test
10818,sports,914,train
10819,sports,798,train
10820,sports,717,train
10821,politics,915,train
10822,sports,846,train
10823,politics,1009,train
10824,sports,962,train
10825,sports,830,train
10826,politics,873,train
10827,sports,369,train
10828,sports,377,train
10829,sports,388,train
10830,sports,574,train
10831,sports,332,train
10832,sports,341,train
10833,sports,707,test
10834,sports,585,train
10835,sports,459,validation
10836,sports,901,train
10837,sports,970,validation
10838,sports,550,train
10839,sports,465,train
10840,sports,515,train
10841,sports,637,train
10842,sports,1044,train
10843,sports,640,train
10844,sports,545,train
10845,sports,1173,train
10846,sports,33,train
10847,sports,1024,train
10848,sports,517,train
10849,sports,746,train
10850,sports,701,validation
10851,business,717,train
10852,sports,740,train
10853,business,936,validation
10854,sports,86,train
10855,sports,759,train
10856,sports,143,train
10857,sports,531,train
10858,sports,512,validation
10859,sports,562,train
10860,sports,470,train
10861,sports,782,train
10862,sports,153,train
10863,sports,976,train
10864,politics,613,train
10865,business,1016,train
10866,business,324,train
10867,sports,533,train
10868,business,422,train
10869,sports,696,test
10870,sports,769,train
10871,sports,437,train
10872,politics,1146,train
10873,sports,690,train
10874,sports,851,train
10875,sports,766,validation
10876,business,416,validation
10877,politics,630,validation
10878,sports,143,train
10879,business,322,train
10880,sports,948,train
10881,business,731,train
10882,business,913,train
10883,sports,808,train
10884,business,611,train
10885,politics,793,train
10886,politics,724,train
10887,business,405,train
10888,sports,1007,train
10889,sports,839,train
10890,sports,436,validation
10891,sports,732,validation
10892,sports,289,train
10893,sports,545,test
10894,politics,396,train
10895,sports,881,train
10896,sports,182,validation
10897,politics,519,train
10898,sports,813,train
10899,politics,702,validation
10900,sports,91,train
10901,sports,779,train
10902,sports,472,train
10903,politics,794,train
10904,politics,768,train
10905,sports,968,train
10906,politics,825,train
10907,sports,663,validation
10908,business,1086,train
10909,business,244,train
10910,politics,459,train
10911,politics,810,train
10912,sports,783,train
10913,sports,653,train
10914,sports,921,train
10915,sports,438,validation
10916,sports,1287,train
10917,sports,901,train
10918,sports,298,train
10919,sports,248,train
10920,sports,294,validation
10921,sports,885,train
10922,sports,479,train
10923,sports,722,train
10924,sports,878,train
10925,sports,129,test
10926,sports,669,test
10927,sports,968,train
10928,sports,758,train
10929,business,693,train
10930,sports,464,validation
10931,sports,780,train
10932,sports,604,validation
10933,sports,719,train
10934,sports,892,train
10935,sports,429,train
10936,sports,1014,train
10937,sports,434,train
10938,sports,725,train
10939,sports,715,train
10940,sports,851,validation
10941,sports,144,train
10942,sports,327,train
10943,sports,274,train
10944,sports,717,train
10945,sports,992,train
10946,sports,419,validation
10947,sports,412,train
10948,sports,523,train
10949,sports,508,train
10950,sports,352,validation
10951,sports,877,train
10952,business,886,train
10953,sports,892,train
10954,sports,854,train
10955,business,389,validation
10956,sports,868,train
10957,sports,264,train
10958,sports,561,train
10959,sports,289,validation
10960,sports,530,train
10961,business,553,train
10962,sports,358,validation
10963,sports,723,train
10964,politics,410,train
10965,sports,871,validation
10966,politics,738,test
10967,sports,528,train
10968,sports,139,train
10969,business,618,train
10970,sports,767,train
10971,sports,434,train
10972,sports,670,train
10973,sports,789,train
10974,sports,921,test
10975,sports,1037,train
10976,sports,118,train
10977,sports,750,validation
10978,politics,705,train
10979,politics,852,train
10980,business,805,validation
10981,sports,722,train
10982,politics,703,train
10983,sports,827,test
10984,politics,1190,train
10985,sports,476,train
10986,sports,709,train
10987,sports,709,test
10988,politics,897,test
10989,sports,1314,train
10990,sports,500,train
10991,sports,725,train
10992,sports,655,train
10993,business,172,train
10994,sports,241,test
10995,sports,263,train
10996,sports,641,train
10997,sports,825,train
10998,politics,294,train
10999,sports,977,train
11000,sports,821,train
11001,sports,754,train
11002,sports,419,train
11003,politics,759,train
11004,sports,225,train
11005,sports,1073,train
11006,business,642,test
11007,business,669,train
11008,business,714,train
11009,business,932,validation
11010,business,636,train
11011,sports,304,train
11012,sports,257,train
11013,business,260,test
11014,sports,78,train
11015,business,625,validation
11016,business,626,train
11017,business,582,train
11018,business,784,train
11019,business,403,train
11020,business,661,train
11021,business,397,train
11022,business,657,train
11023,sports,443,train
11024,sports,57,train
11025,politics,1099,train
11026,business,597,validation
11027,sports,936,validation
11028,sports,732,validation
11029,business,445,test
11030,business,454,train
11031,business,644,train
11032,sports,357,train
11033,business,691,validation
11034,business,1013,train
11035,business,672,test
11036,sports,74,train
11037,business,283,train
11038,business,871,train
11039,business,380,train
11040,business,713,train
11041,business,713,test
11042,business,617,train
11043,sports,168,train
11044,sports,669,train
11045,business,616,train
11046,sports,113,train
11047,business,319,validation
11048,business,609,train
11049,sports,89,train
11050,business,647,train
11051,business,487,train
11052,business,750,train
11053,business,767,train
11054,business,456,train
11055,business,309,train
11056,business,470,train
11057,business,629,train
11058,business,986,test
11059,sports,476,train
11060,business,722,train
11061,business,827,train
11062,sports,103,train
11063,business,865,train
11064,sports,162,train
11065,business,374,train
11066,business,660,validation
11067,business,833,train
11068,business,562,train
11069,business,456,validation
11070,business,661,train
11071,sports,402,train
11072,sports,402,train
11073,business,726,train
11074,business,630,validation
11075,sports,375,train
11076,sports,1504,train
11077,business,713,validation
11078,business,722,validation
11079,business,584,train
11080,business,618,train
11081,business,471,validation
11082,business,620,train
11083,business,700,train
11084,sports,930,train
11085,business,1026,train
11086,business,549,test
11087,business,343,train
11088,business,305,train
11089,business,688,train
11090,sports,256,validation
11091,sports,879,train
11092,sports,787,train
11093,business,299,train
11094,business,666,validation
11095,business,653,train
11096,business,512,train
11097,business,864,train
11098,business,739,train
11099,sports,134,train
11100,sports,1058,test
11101,business,448,train
11102,business,906,test
11103,business,398,test
11104,sports,63,train
11105,business,697,train
11106,business,363,train
11107,sports,578,train
11108,business,623,train
11109,sports,973,validation
11110,business,219,train
11111,business,423,validation
11112,business,735,train
11113,business,599,train
11114,business,235,train
11115,business,527,train
11116,sports,887,train
11117,business,668,train
11118,business,613,train
11119,sports,721,train
11120,business,637,train
11121,sports,448,test
11122,business,641,train
11123,business,794,train
11124,sports,913,train
11125,sports,114,train
11126,sports,659,train
11127,sports,901,train
11128,sports,766,train
11129,sports,652,train
11130,sports,431,train
11131,business,528,train
11132,sports,969,train
11133,sports,417,test
11134,sports,429,train
11135,sports,287,train
11136,sports,1231,train
11137,business,700,train
11138,business,699,train
11139,sports,401,test
11140,business,832,train
11141,sports,622,validation
11142,sports,542,test
11143,business,629,train
11144,sports,757,train
11145,sports,678,train
11146,sports,693,train
11147,business,754,train
11148,sports,221,train
11149,sports,893,train
11150,sports,698,train
11151,sports,644,test
11152,sports,767,train
11153,business,267,train
11154,sports,103,test
11155,sports,341,train
11156,sports,1136,train
11157,sports,657,train
11158,sports,774,train
11159,sports,671,train
11160,sports,340,train
11161,sports,497,train
11162,sports,754,train
11163,sports,426,test
11164,sports,372,train
11165,sports,456,train
11166,sports,359,train
11167,sports,563,train
11168,sports,366,train
11169,sports,529,test
11170,sports,785,train
11171,sports,469,train
11172,sports,730,train
11173,business,1018,test
11174,business,619,train
11175,business,823,validation
11176,sports,797,train
11177,sports,388,test
11178,sports,198,train
11179,sports,698,validation
11180,sports,320,train
11181,sports,418,train
11182,sports,594,train
11183,sports,661,train
11184,sports,396,train
11185,sports,756,test
11186,sports,690,train
11187,sports,228,train
11188,sports,851,test
11189,sports,596,train
11190,sports,794,train
11191,sports,317,train
11192,sports,150,train
11193,business,485,test
11194,sports,502,train
11195,business,742,train
11196,business,1094,train
11197,politics,989,train
11198,sports,897,train
11199,sports,699,train
11200,sports,855,train
11201,sports,1002,train
11202,sports,729,validation
11203,sports,729,train
11204,sports,679,validation
11205,sports,545,train
11206,sports,668,validation
11207,sports,972,train
11208,sports,96,train
11209,sports,174,train
11210,sports,842,train
11211,sports,305,train
11212,sports,967,train
11213,sports,763,train
11214,sports,410,train
11215,sports,114,validation
11216,sports,463,test
11217,sports,406,train
11218,sports,441,test
11219,sports,724,train
11220,sports,768,train
11221,sports,384,train
11222,sports,341,train
11223,business,871,validation
11224,sports,428,train
11225,sports,637,train
11226,business,516,validation
11227,sports,696,train
11228,sports,424,train
11229,sports,504,train
11230,sports,742,train
11231,sports,924,train
11232,sports,577,train
11233,sports,852,train
11234,business,461,train
11235,politics,915,train
11236,sports,521,train
11237,sports,454,test
11238,business,757,train
11239,sports,576,train
11240,sports,1077,train
11241,sports,392,train
11242,sports,818,train
11243,sports,636,train
11244,business,635,validation
11245,sports,888,train
11246,sports,396,train
11247,sports,363,train
11248,sports,506,train
11249,sports,402,train
11250,sports,209,train
11251,sports,299,train
11252,sports,478,train
11253,sports,369,train
11254,sports,316,train
11255,sports,142,train
11256,business,781,train
11257,sports,736,train
11258,sports,825,train
11259,sports,204,train
11260,business,739,train
11261,sports,401,train
11262,sports,674,train
11263,sports,324,train
11264,sports,99,train
11265,sports,572,train
11266,sports,765,validation
11267,sports,382,train
11268,sports,939,train
11269,sports,763,train
11270,sports,1085,train
11271,sports,122,train
11272,sports,576,train
11273,sports,934,train
11274,sports,333,train
11275,sports,348,train
11276,business,175,train
11277,sports,126,train
11278,sports,992,train
11279,sports,1091,test
11280,sports,499,train
11281,sports,443,train
11282,sports,583,train
11283,sports,537,train
11284,sports,423,test
11285,sports,270,train
11286,sports,729,train
11287,sports,746,test
11288,sports,352,train
11289,sports,744,test
11290,sports,898,train
11291,business,519,train
11292,sports,794,train
11293,business,324,train
11294,sports,559,train
11295,sports,373,train
11296,sports,645,validation
11297,sports,354,train
11298,sports,114,train
11299,business,624,train
11300,sports,385,train
11301,sports,420,train
11302,sports,419,train
11303,sports,757,train
11304,business,986,train
11305,sports,137,train
11306,business,724,validation
11307,sports,479,train
11308,business,726,train
11309,sports,687,train
11310,sports,1012,train
11311,sports,891,train
11312,sports,141,train
11313,sports,684,train
11314,sports,1064,train
11315,business,544,train
11316,sports,184,train
11317,sports,612,train
11318,sports,420,train
11319,sports,417,train
11320,sports,943,train
11321,sports,986,train
11322,sports,582,train
11323,politics,727,train
11324,sports,940,train
11325,politics,677,validation
11326,sports,451,train
11327,business,814,validation
11328,sports,950,validation
11329,sports,279,train
11330,business,1026,train
11331,sports,513,train
11332,sports,522,train
11333,sports,628,test
11334,sports,532,train
11335,sports,741,train
11336,sports,536,train
11337,sports,953,train
11338,sports,546,train
11339,sports,727,train
11340,sports,815,train
11341,sports,131,train
11342,sports,714,test
11343,sports,576,train
11344,sports,687,train
11345,sports,720,train
11346,sports,719,train
11347,sports,197,validation
11348,politics,682,train
11349,business,878,train
11350,sports,615,train
11351,sports,464,train
11352,sports,1155,train
11353,sports,669,validation
11354,sports,1218,train
11355,business,574,train
11356,sports,980,train
11357,sports,829,train
11358,sports,781,validation
11359,sports,1062,train
11360,sports,715,train
11361,sports,635,train
11362,sports,662,train
11363,sports,644,train
11364,sports,589,train
11365,sports,129,train
11366,sports,545,train
11367,sports,378,train
11368,sports,742,train
11369,sports,343,test
11370,business,441,train
11371,sports,457,train
11372,sports,212,train
11373,business,854,train
11374,sports,708,train
11375,sports,1147,train
11376,sports,981,train
11377,sports,1116,train
11378,sports,603,train
11379,sports,53,train
11380,sports,303,validation
11381,sports,117,train
11382,business,560,train
11383,sports,398,train
11384,sports,528,train
11385,sports,557,validation
11386,sports,625,train
11387,sports,515,train
11388,sports,396,train
11389,sports,337,train
11390,business,770,train
11391,sports,444,train
11392,sports,1131,train
11393,sports,484,validation
11394,business,379,test
11395,sports,568,train
11396,sports,1340,train
11397,sports,379,train
11398,sports,220,train
11399,sports,333,train
11400,sports,905,train
11401,business,969,train
11402,sports,737,train
11403,business,151,train
11404,sports,957,validation
11405,sports,752,validation
11406,sports,903,train
11407,sports,257,train
11408,sports,525,train
11409,sports,1017,train
11410,sports,365,train
11411,sports,524,train
11412,sports,524,test
11413,sports,375,train
11414,sports,677,test
11415,sports,661,train
11416,sports,1026,train
11417,sports,583,train
11418,sports,718,train
11419,sports,470,test
11420,sports,515,validation
11421,sports,387,validation
11422,sports,795,train
11423,sports,786,train
11424,sports,592,train
11425,sports,278,train
11426,sports,551,train
11427,sports,670,train
11428,sports,732,test
11429,sports,552,train
11430,sports,646,validation
11431,sports,340,train
11432,business,741,train
11433,sports,389,train
11434,sports,218,train
11435,sports,905,train
11436,sports,674,train
11437,sports,294,train
11438,sports,199,train
11439,sports,116,train
11440,sports,71,validation
11441,sports,132,validation
11442,sports,125,train
11443,sports,757,train
11444,sports,733,validation
11445,sports,719,train
11446,sports,160,train
11447,sports,615,train
11448,business,686,train
11449,sports,122,train
11450,business,722,train
11451,business,651,train
11452,sports,133,train
11453,sports,557,train
11454,sports,116,train
11455,sports,479,train
11456,business,695,train
11457,sports,231,train
11458,sports,651,test
11459,sports,460,validation
11460,sports,752,train
11461,sports,558,validation
11462,sports,696,train
11463,sports,318,validation
11464,sports,1413,test
11465,sports,661,train
11466,sports,800,validation
11467,sports,246,train
11468,sports,885,train
11469,sports,738,train
11470,sports,293,train
11471,sports,719,train
11472,sports,157,train
11473,sports,522,train
11474,sports,978,train
11475,business,727,train
11476,sports,559,validation
11477,sports,126,train
11478,sports,545,train
11479,sports,373,train
11480,sports,773,validation
11481,sports,569,train
11482,sports,806,validation
11483,sports,849,test
11484,sports,726,validation
11485,sports,317,validation
11486,sports,842,train
11487,sports,427,train
11488,sports,650,validation
11489,business,439,train
11490,sports,300,train
11491,sports,791,train
11492,politics,940,validation
11493,sports,130,train
11494,sports,489,train
11495,business,658,train
11496,sports,800,train
11497,sports,193,train
11498,business,675,validation
11499,sports,468,train
11500,business,647,train
11501,sports,238,test
11502,sports,195,train
11503,sports,717,train
11504,politics,1163,train
11505,sports,188,train
11506,sports,119,train
11507,sports,723,train
11508,sports,121,train
11509,sports,600,train
11510,sports,710,train
11511,sports,128,validation
11512,sports,494,train
11513,sports,565,train
11514,sports,758,train
11515,sports,131,train
11516,sports,951,train
11517,sports,199,train
11518,business,832,train
